inquiry_id,title,content_preview,author_id,create_date,status,is_pinned,inquiry_type,answerability,answerability_reason,confidence,required_contexts,has_past_response,can_agent_respond,response_pattern,consistency_recommendation,has_attachment,attachment_analysis_needed,language,is_multilingual,admin_response_summary,num_comments,num_admin_comments
9,문의하기 작성 가이드,"안녕하세요.AI Talent Lab 운영 담당자입니다.AI Literacy, AI Bootcamp, AI Master Project 를 진행하는 과정에서문의주시는 내용들을 자산화하고 함께 공유하기 위해""문의하기"" 페이지를 신규 개설하였습니다.이에 빠른 답변 및 조치를 받으실 수 있도록 간단한 작성 가이드를 안내드리니참고하시어 학습 중 필요하실 때 언제든 이",2,2025-12-14 11:51:20,open,1,기술지원/에러,조건부 답변 가능,"일반적인 에러 해결 가이드 제공 가능, 단 개인 환경 확인 필요할 수 있음",중간,"FAQ 데이터베이스 | 과거 문의 답변 히스토리 | 시스템 에러 로그 | 일반적인 에러 해결 가이드 | 환경 설정 정보 (Python 버전, 라이브러리 버전 등) | API 키 설정 가이드",False,unknown,N/A,N/A,False,False,Korean,False,,0,0
11,인증시험 버튼이 비활성화 되어있습니다. ,인증 시작하기 버튼이 비활성화 되어 인증시험을 칠 수없습니다.,8540,2025-12-14 13:29:47,closed,0,계정/권한,답변 불가능,개인 계정/시스템 조치 필요 (운영자 직접 처리),높음,"FAQ 데이터베이스 | 과거 문의 답변 히스토리 | 사용자 계정 정보 (권한, 그룹, 인증 대상 여부) | 인증 시험 일정 및 대상자 정보 | 사용자별 활성화된 기능 목록 | 첨부 이미지 분석 (스크린샷 내용 파악)",True,False,단순_조치_완료,"과거 응답 참조하여 ""조치 완료"" 패턴 유지 가능, 단 Agent는 실제 조치 불가능하므로 운영자 에스컬레이션 필요",True,True,Korean,False,안녕하세요! 조치해드렸습니다.,1,1
12,[AI Literacy] 인증 시작하기 버튼 비활성화,[AI Literacy] 인증 시작하기 버튼 활성화가 안됩니다.확인 부탁드립니다.,1512,2025-12-16 00:49:21,closed,0,계정/권한,답변 가능,"유사 사례 존재, 명확한 가이드라인 제공 가능",높음,"FAQ 데이터베이스 | 과거 문의 답변 히스토리 | 사용자 계정 정보 (권한, 그룹, 인증 대상 여부) | 인증 시험 일정 및 대상자 정보 | 사용자별 활성화된 기능 목록 | 첨부 이미지 분석 (스크린샷 내용 파악)",True,False,단순_조치_완료,"과거 응답 참조하여 ""조치 완료"" 패턴 유지 가능, 단 Agent는 실제 조치 불가능하므로 운영자 에스컬레이션 필요",True,True,Korean,False,안녕하세요.AI Literacy 인증 시작하기 버튼은 인증 시험 응시자 대상으로 기간 내 활성화됩니다.인증 대상자 안내를 받지 않으셨다면 비활성화 상태가 정상 상태입니다.,1,1
13,console 접근/python script 실행이 안됩니다.,위와 같은 에러가 나오면서 파일 실행이 안됩니다.모든 파이썬 코드 작성 부분에서 동일한 에러가 나옵니다.,8137,2025-12-17 07:37:03,closed,0,기술지원/에러,답변 불가능,개인 계정/시스템 조치 필요 (운영자 직접 처리),높음,"FAQ 데이터베이스 | 과거 문의 답변 히스토리 | 시스템 에러 로그 | 일반적인 에러 해결 가이드 | 환경 설정 정보 (Python 버전, 라이브러리 버전 등) | API 키 설정 가이드 | 첨부 이미지 분석 (스크린샷 내용 파악)",True,conditional,단순_조치_완료,Agent가 답변 가능 여부는 문의 구체성에 따라 판단 필요,True,True,Korean,False,안녕하세요 조치 완료했습니다.,1,1
14,[Boot Camp] 최종 과제 제출 관련 문의 - 2단계(개발 명세서) 저장 이후 수정 가능 여부,"최종 과제 단계에서 1,2,3 단계가 있는데, 2단계(명세서)를 제출하고 3단계(코딩/개발)로 넘어가도.이후에 돌아와서 다시 수정 할 수 있나요?3단계 가이드/설명을 미리 보고 싶어서 문의 드립니다.",8137,2025-12-17 07:39:52,closed,0,학습/과제,답변 가능,FAQ 또는 가이드 문서 기반 답변 가능,높음,FAQ 데이터베이스 | 과거 문의 답변 히스토리 | 강의 커리큘럼 정보 | 과제 제출 규정 및 가이드 | 코드 예제 및 샘플 | 학습 자료 링크 | 첨부 이미지 분석 (스크린샷 내용 파악),True,True,상세_설명,과거 응답 스타일을 학습하여 유사한 톤과 형식으로 답변 가능,False,False,Korean,False,안녕하세요.최종과제의 기획 설계 문서와  소스코드는 여러번 제출 가능하십니다.,1,1
15,Azure OpenAI & LangChain 과제 개발 문의,과제 개발 관련 문의 드립니다.main.py 작성하여 실행하니 No such file or directory 라고 나오네요.콘솔 로그의 다음 로그로 보아 초기에 폴더가 제대로 생성이 안된듯 보입니다.-bash: /home/funnywork.0181/.bash_profile: Permission denied-bash: cd: 243: No such file ,8660,2025-12-18 04:38:20,closed,0,학습/과제,답변 불가능,개인 계정/시스템 조치 필요 (운영자 직접 처리),높음,FAQ 데이터베이스 | 과거 문의 답변 히스토리 | 강의 커리큘럼 정보 | 과제 제출 규정 및 가이드 | 코드 예제 및 샘플 | 학습 자료 링크 | 첨부 이미지 분석 (스크린샷 내용 파악),True,True,상세_설명,과거 응답 스타일을 학습하여 유사한 톤과 형식으로 답변 가능,True,True,Korean,False,안녕하세요 조치 완료했습니다.,1,1
16,[Boot Camp] RAG 강의 Generation - Retriever 관련 질문,"마지막 코드 부분의 retriever.invoke 라는 함수가 없이, 그냥 retriever 객체만 Prompt 아래 context 쪽에 넣어주면, langchain이 자동으로 invoke를 하고 해당 내용을 종합해서 답변을 하는 구조인가요?",8137,2025-12-19 01:28:00,closed,0,학습/과제,답변 가능,"유사 사례 존재, 명확한 가이드라인 제공 가능",높음,FAQ 데이터베이스 | 과거 문의 답변 히스토리 | 강의 커리큘럼 정보 | 과제 제출 규정 및 가이드 | 코드 예제 및 샘플 | 학습 자료 링크 | 첨부 이미지 분석 (스크린샷 내용 파악),True,True,상세_설명,과거 응답 스타일을 학습하여 유사한 톤과 형식으로 답변 가능,True,True,Korean,False,네 chain.invoke(question)을 호출하면 선언한 chain 안의 객체들에 대해 invoke 후 차례로 해당 output을 다음 객체에 전달하게 됩니다.retrieve,2,1
17,[Bootcamp] 9기 최종과제 평가결과,안녕하세요.AI Bootcamp 9기 평가 결과를 언제쯤 확인할 수 있는지 문의드립니다.,8048,2025-12-19 07:48:13,closed,0,학습/과제,답변 가능,"유사 사례 존재, 명확한 가이드라인 제공 가능",높음,FAQ 데이터베이스 | 과거 문의 답변 히스토리 | 강의 커리큘럼 정보 | 과제 제출 규정 및 가이드 | 코드 예제 및 샘플 | 학습 자료 링크 | 첨부 이미지 분석 (스크린샷 내용 파악),True,True,가이드_제공,과거 응답 스타일을 학습하여 유사한 톤과 형식으로 답변 가능,False,False,Korean,False,"안녕하세요. AI Bootcamp 9기 최종 결과 발표는 12월 22일 17:00 예정입니다.결과 발표 후 확인이 가능한 시점에 이메일, Slack 채널로 안내됩니다.",1,1
18,AI Literacy의 인증 시작하기 버튼 비활성화,AI Literacy의 인증 시작하기 버튼 비활성화되어 있습니다.,3518,2025-12-22 06:54:01,closed,0,계정/권한,답변 가능,"유사 사례 존재, 명확한 가이드라인 제공 가능",높음,"FAQ 데이터베이스 | 과거 문의 답변 히스토리 | 사용자 계정 정보 (권한, 그룹, 인증 대상 여부) | 인증 시험 일정 및 대상자 정보 | 사용자별 활성화된 기능 목록 | 첨부 이미지 분석 (스크린샷 내용 파악)",True,False,단순_조치_완료,"과거 응답 참조하여 ""조치 완료"" 패턴 유지 가능, 단 Agent는 실제 조치 불가능하므로 운영자 에스컬레이션 필요",True,True,Korean,False,안녕하세요.AI Literacy 인증 시작하기 버튼은 인증 시험 응시자 대상으로 응시 기간 내 활성화됩니다.인증 대상자 안내를 받지 않으셨다면 비활성화 상태가 기본값입니다.,1,1
19,[Boot Camp] Sub-Graph 구조 관련 문의,"최근 멀티 에이전트 워크플로우를 학습하며, 공통 로직을 agent.py로 추상화하는 방식을 익혔습니다. 하지만 실제 프로젝트에서는 PDF 파싱, 요약, RAG 등 각 에이전트가 서로 다른 복잡도의 Sub-graph를 가져야 하는 경우가 많습니다.이처럼 에이전트별로 내부 로직과 의존성이 판이하게 다를 때, 코드의 재사용성을 유지하면서도 각 에이전트의 독립성을",8137,2025-12-23 23:11:02,closed,0,학습/과제,답변 가능,"유사 사례 존재, 명확한 가이드라인 제공 가능",높음,FAQ 데이터베이스 | 과거 문의 답변 히스토리 | 강의 커리큘럼 정보 | 과제 제출 규정 및 가이드 | 코드 예제 및 샘플 | 학습 자료 링크 | 첨부 이미지 분석 (스크린샷 내용 파악),True,True,상세_설명,과거 응답 스타일을 학습하여 유사한 톤과 형식으로 답변 가능,True,True,Korean,False,"안녕하세요! 좋은 질문을 주셨네요.사실 명확한 Best Practice 폴더구조는 정의하기 어렵고 프로젝트 상황에 따라 유연하게 대처하는 것이 일반적입니다.특히 langchain,",1,1
20,IDE 사용법 가이드 부탁드립니다.,Azure Open AI & LangChain 과제 진행하고 있는데 IDE 환경에서 실행시키는 방법과 에러 Tracking 방법 설명이 필요합니다.Streamlit에 아무것도 안 나오면 무엇이 잘못되었는지Streamlit에 출력하려면 어떻게 하는지도 궁금합니다.,1792,2025-12-24 00:28:47,closed,0,기술지원/에러,답변 가능,"유사 사례 존재, 명확한 가이드라인 제공 가능",높음,"FAQ 데이터베이스 | 과거 문의 답변 히스토리 | 시스템 에러 로그 | 일반적인 에러 해결 가이드 | 환경 설정 정보 (Python 버전, 라이브러리 버전 등) | API 키 설정 가이드 | 첨부 이미지 분석 (스크린샷 내용 파악)",True,conditional,상세_설명,Agent가 답변 가능 여부는 문의 구체성에 따라 판단 필요,False,False,Korean,False,안녕하세요.웹사이트 내 IDE의 하단 console을 사용해 파이썬 파일 실행 및 동일 console 내에서 결과 확인이 가능합니다.Streamlit 실행의 경우 Streamlit,1,1
21,과제 수정중 아래와 같은 현상이 발생 했습니다 .  확인 부탁드립니다 . ,,3508,2025-12-24 08:49:04,closed,0,학습/과제,답변 가능,"유사 사례 존재, 명확한 가이드라인 제공 가능",높음,FAQ 데이터베이스 | 과거 문의 답변 히스토리 | 강의 커리큘럼 정보 | 과제 제출 규정 및 가이드 | 코드 예제 및 샘플 | 학습 자료 링크 | 첨부 이미지 분석 (스크린샷 내용 파악),True,True,상세_설명,과거 응답 스타일을 학습하여 유사한 톤과 형식으로 답변 가능,False,False,Korean,False,안녕하세요.현재 정상 상태로 확인됩니다.일시적으로 서버가 불안정하거나 보안으로 인해 해당 메시지가 뜬 것으로 보입니다.IDE 콘솔 접속은 웹소켓 사용이 가능한 환경이여야 합니다. ,1,1
22,[Boot Camp] 무한 로딩이 되고 있습니다 - 파이널 과제 제출,"IDE에서 파이썬 패키지가 제 로컬에서 작업하던 것과 달라서 venv deactivate 시키고, 따로 .venv를 만들고 패키지 설치후 실행한 이후에 무한 로딩이 걸리고 있습니다.로컬에서는 잘 돌아가서 step 3에서는 코드만 제출하고 step2에서 데모 영상으로 제출해도 될까요?step3 IDE에서 streamlit으로 실행하려니 병목이 생깁니다...!",8137,2025-12-29 23:28:33,closed,0,학습/과제,답변 가능,"유사 사례 존재, 명확한 가이드라인 제공 가능",높음,FAQ 데이터베이스 | 과거 문의 답변 히스토리 | 강의 커리큘럼 정보 | 과제 제출 규정 및 가이드 | 코드 예제 및 샘플 | 학습 자료 링크 | 첨부 이미지 분석 (스크린샷 내용 파악),True,True,상세_설명,과거 응답 스타일을 학습하여 유사한 톤과 형식으로 답변 가능,True,True,Korean,False,안녕하세요사이트 내에서 자동 설정되는 가상환경이 설치된 디스크와 과제 IDE의 파일 디스크의 사양이 달라 가상환경을 직접 만들고 실행 시 속도가 느리거나 로딩에 시간이 소요될 수 ,3,2
23,Bootcamp 최종과제 기획 및 설계 최초 양식 문의,AI Bootcamp 최종과제 기획 및 설계 최초 양식을 다시 받을 수 있을지 문의드립니다.작성중에 저장을 했는데 일부 내용이 삭제되어 양식 초본이 필요합니다.감사합니다.,4100,2025-12-31 07:34:59,closed,0,학습/과제,답변 가능,"유사 사례 존재, 명확한 가이드라인 제공 가능",높음,FAQ 데이터베이스 | 과거 문의 답변 히스토리 | 강의 커리큘럼 정보 | 과제 제출 규정 및 가이드 | 코드 예제 및 샘플 | 학습 자료 링크 | 첨부 이미지 분석 (스크린샷 내용 파악),True,True,상세_설명,과거 응답 스타일을 학습하여 유사한 톤과 형식으로 답변 가능,False,False,Korean,False,"안녕하세요 최종 과제 기획 내용입니다.사이트 내 과제 페이지는 markdown 에디터로 문의 게시판 에디터와 다른 점 양해 부탁드립니다.[서비스명 - 이름]
예: AI Tech. ",1,1
24,3개의 강의를 완료하면 과제를 시작할 수 있다고 했는데 안되요,3개의 강의를 완료하면 과제를 시작할 수 있습니다라고 되어있는데 3개 강의 모두 완료했는데 과제를 할 수 있게 활성화가 안되네요?다 들어야 되나요?,2045,2026-01-02 00:48:29,closed,0,계정/권한,답변 불가능,개인 계정 확인 및 시스템 조치 필요,높음,"FAQ 데이터베이스 | 과거 문의 답변 히스토리 | 사용자 계정 정보 (권한, 그룹, 인증 대상 여부) | 인증 시험 일정 및 대상자 정보 | 사용자별 활성화된 기능 목록",True,False,단순_조치_완료,"과거 응답 참조하여 ""조치 완료"" 패턴 유지 가능, 단 Agent는 실제 조치 불가능하므로 운영자 에스컬레이션 필요",False,False,Korean,False,안녕하세요최종 과제는 6개의 강의를 모두 수강완료해야 진행할 수 있습니다.,1,1
25,streamlit 서비스 개발 강의 중 실습 실행이 안됩니다. --> [정정] 재실행 시 정상 실행됩니다.,환경의 문제인지는 잘 모르겠지만 오후까지 안되다가지금은 정상적으로 동작합니다.아래 내용 답변 안 주셔도 됩니다.---------------------------------------[실습] LangChain과 Streamlit으로 구현하는 AI 토론 코드를 실행시키면 아래와 같은 메시지가 나옵니다.어떻게 처리해야 하는지 알려주세요,1792,2026-01-02 07:35:08,closed,0,학습/과제,답변 가능,"유사 사례 존재, 명확한 가이드라인 제공 가능",높음,FAQ 데이터베이스 | 과거 문의 답변 히스토리 | 강의 커리큘럼 정보 | 과제 제출 규정 및 가이드 | 코드 예제 및 샘플 | 학습 자료 링크,True,True,상세_설명,과거 응답 스타일을 학습하여 유사한 톤과 형식으로 답변 가능,False,False,Korean,False,안녕하세요.최근 배포 시 streamlit 실행 경로 변경으로 인해 가상환경이 작동하지 않은 것 같습니다.수정 배포 완료했습니다. 이후 에러 발생 시 말씀부탁드립니다.,1,1
26,과제 제출 완료 시점 문의,안녕하세요? 과제 제출 완료 시점도 1월 9일까지인가요?,2985,2026-01-02 08:41:36,closed,0,학습/과제,답변 가능,FAQ 또는 가이드 문서 기반 답변 가능,높음,FAQ 데이터베이스 | 과거 문의 답변 히스토리 | 강의 커리큘럼 정보 | 과제 제출 규정 및 가이드 | 코드 예제 및 샘플 | 학습 자료 링크 | 첨부 이미지 분석 (스크린샷 내용 파악),True,True,상세_설명,과거 응답 스타일을 학습하여 유사한 톤과 형식으로 답변 가능,False,False,Korean,False,안녕하세요.1월 9일 23:59 과제제출 마감입니다.,1,1
27,실습 파일 다운로드할 수 있게 공유 부탁 드립니다. ,실습 환경이 불편해서 로컬에서 실습하고 있는데요. RAG 이론 실습 부터 갑자기 파일이 많아 지네요. 주피터 노트북 파일과 실습 파일을 다운로드할 수 있게 공유 가능하신가요?추가로 기한내에 과제를 제출 못해서 이수를 못하면 컬리지에서 재수강을 따로 신청해야 하나요? 아니면자동으로 재수강 신청이 되나요?,2985,2026-01-02 14:09:17,closed,0,학습/과제,답변 가능,"유사 사례 존재, 명확한 가이드라인 제공 가능",높음,FAQ 데이터베이스 | 과거 문의 답변 히스토리 | 강의 커리큘럼 정보 | 과제 제출 규정 및 가이드 | 코드 예제 및 샘플 | 학습 자료 링크,True,True,상세_설명,과거 응답 스타일을 학습하여 유사한 톤과 형식으로 답변 가능,False,False,Korean,False,안녕하세요.주피터 파일은 공유를 따로 드리지 않고 있으며 웹 환경 내에서 실습 부탁드립니다.코드 에디터를 사용하여 진행되는 강의나 최종과제의 작성된 소스 코드는 에디터 내 다운로드,1,1
28,"최종 과제 영역에 "" 3개의 강의를 완료하면 과제를 시작할 수 있습니다""를 ""전체 강의""로 변경 요청","최종 과제 화면 영역에 Comment ""3개의 강의를 완료하면 과제를 시작할 수 있습니다""를""6개의 전체 강의를 완료하면 과제를 시작할 수 있습니다""로 변경해 주세요.",2045,2026-01-02 21:05:13,closed,0,학습/과제,답변 가능,"유사 사례 존재, 명확한 가이드라인 제공 가능",높음,FAQ 데이터베이스 | 과거 문의 답변 히스토리 | 강의 커리큘럼 정보 | 과제 제출 규정 및 가이드 | 코드 예제 및 샘플 | 학습 자료 링크 | 첨부 이미지 분석 (스크린샷 내용 파악),True,True,가이드_제공,과거 응답 스타일을 학습하여 유사한 톤과 형식으로 답변 가능,False,False,Korean,False,안녕하세요.현재 최종 과제 안내 Comment는 최종과제 수행까지 남은 강의의 개수가 표시되고 있습니다. 현재 문구에 혼동이 있을 수 있여 해당 문구는 다음 배포 작업 시 수정하도,1,1
29,[AI Bootcamp] 다음 강의 수강 불가,강의 완료 후 다음 강의 수강이 불가합니다.강의 수강 완료 후 완료된 강의 접속 시 처음부터 시작 됩니다.,3417,2026-01-04 02:06:36,closed,0,학습/과제,답변 가능,FAQ 또는 가이드 문서 기반 답변 가능,높음,FAQ 데이터베이스 | 과거 문의 답변 히스토리 | 강의 커리큘럼 정보 | 과제 제출 규정 및 가이드 | 코드 예제 및 샘플 | 학습 자료 링크 | 첨부 이미지 분석 (스크린샷 내용 파악),False,unknown,N/A,N/A,False,False,Korean,False,,1,0
30,"AI Bootcamp, AI Master Project 비활성화인데 활성화가 되려면 어떻게 해야 하나요 ? ","AI Bootcamp, AI Master Project 비활성화인데 활성화가 되려면 어떻게 해야 하나요 ?",3600,2026-01-05 00:11:46,closed,0,계정/권한,답변 가능,"유사 사례 존재, 명확한 가이드라인 제공 가능",높음,"FAQ 데이터베이스 | 과거 문의 답변 히스토리 | 사용자 계정 정보 (권한, 그룹, 인증 대상 여부) | 인증 시험 일정 및 대상자 정보 | 사용자별 활성화된 기능 목록 | 첨부 이미지 분석 (스크린샷 내용 파악)",True,False,단순_조치_완료,"과거 응답 참조하여 ""조치 완료"" 패턴 유지 가능, 단 Agent는 실제 조치 불가능하므로 운영자 에스컬레이션 필요",False,False,Korean,False,안녕하세요.AI Bootcamp는 HI SK > AX College를 통해 신청받고 있습니다. AI Master Project는 AX Culture&Growth팀을 통해 신청받고 ,1,1
31,실습인증 Literacy가 언제 활성화 되나요 ?,"생성형 AI 이해 1,  Prompt Eng 2,  생성형 AI 활용사례 3 강의 완료 후에 하루지나면 인증시험이 활성화가 되는 줄 알고 기다렸는데요. 다음날 되도 계속 상태가 변경이 되지 않아서요. 어떻게 해야 활성화가 되나요 ?",3600,2026-01-05 00:15:31,closed,0,계정/권한,답변 가능,"유사 사례 존재, 명확한 가이드라인 제공 가능",높음,"FAQ 데이터베이스 | 과거 문의 답변 히스토리 | 사용자 계정 정보 (권한, 그룹, 인증 대상 여부) | 인증 시험 일정 및 대상자 정보 | 사용자별 활성화된 기능 목록 | 첨부 이미지 분석 (스크린샷 내용 파악)",True,False,단순_조치_완료,"과거 응답 참조하여 ""조치 완료"" 패턴 유지 가능, 단 Agent는 실제 조치 불가능하므로 운영자 에스컬레이션 필요",False,False,Korean,False,안녕하세요.AI Literacy 인증 시작하기 버튼은 인증 시험 응시자 대상으로 응시 기간 내 활성화됩니다.AX College에서 신청하실 수 있습니다.,1,1
32,[실습/인증] AI Literacy 인증시험 사전 연습,인증시험 사전연습 버튼을 잘못 눌러서 횟수 차감이 되었는데 해당건 횟수 복구가 가능할지요?,1882,2026-01-05 01:45:18,closed,0,계정/권한,답변 불가능,개인 계정 확인 및 시스템 조치 필요,높음,"FAQ 데이터베이스 | 과거 문의 답변 히스토리 | 사용자 계정 정보 (권한, 그룹, 인증 대상 여부) | 인증 시험 일정 및 대상자 정보 | 사용자별 활성화된 기능 목록 | 첨부 이미지 분석 (스크린샷 내용 파악)",True,False,단순_조치_완료,"과거 응답 참조하여 ""조치 완료"" 패턴 유지 가능, 단 Agent는 실제 조치 불가능하므로 운영자 에스컬레이션 필요",False,False,Korean,False,해당 건에 대해 복구해드렸습니다.,1,1
33,AI Bootcamp 수강불가 문의,"AI Bootcamp lv2에 대해 '결과확인' 버튼을 누르니 ""아쉽게도 이번 부트캠프 과정을 수료하지 못하셨습니다."" 라고 화면이 표시됩니다재수강을 원할 경우 원하는 수강 회차에 재수강 해야하나요?",3710,2026-01-05 09:16:11,closed,0,계정/권한,답변 불가능,개인 계정 확인 및 시스템 조치 필요,높음,"FAQ 데이터베이스 | 과거 문의 답변 히스토리 | 사용자 계정 정보 (권한, 그룹, 인증 대상 여부) | 인증 시험 일정 및 대상자 정보 | 사용자별 활성화된 기능 목록 | 첨부 이미지 분석 (스크린샷 내용 파악)",True,False,단순_조치_완료,"과거 응답 참조하여 ""조치 완료"" 패턴 유지 가능, 단 Agent는 실제 조치 불가능하므로 운영자 에스컬레이션 필요",False,False,Korean,False,안녕하세요.재수강의 경우 AX College에서 직접 신청 후 재수강 가능합니다.,1,1
34,AI Literacy 인증시험 사전 연습 관련 문의,인증시험 사전연습 버튼을 잘못 눌러서 횟수 차감이 되었는데 복구 가능한지 문의 드립니다.,1467,2026-01-05 12:27:34,closed,0,계정/권한,답변 가능,"유사 사례 존재, 명확한 가이드라인 제공 가능",높음,"FAQ 데이터베이스 | 과거 문의 답변 히스토리 | 사용자 계정 정보 (권한, 그룹, 인증 대상 여부) | 인증 시험 일정 및 대상자 정보 | 사용자별 활성화된 기능 목록 | 첨부 이미지 분석 (스크린샷 내용 파악)",True,False,단순_조치_완료,"과거 응답 참조하여 ""조치 완료"" 패턴 유지 가능, 단 Agent는 실제 조치 불가능하므로 운영자 에스컬레이션 필요",False,False,Korean,False,안녕하세요.1회에 대해 복구 완료했습니다. 이후 리터러시 인증 시험 신청 시 실습 횟수가 추가 부여되니 참고 부탁드립니다.,1,1
35,bootcamp 과제등록관련 문의(개발환경),안녕하세요.과제를 등록하려 하는데 bootcamp 사이트내 IDE 를 이용하려 합니다.이전에는 과제등록단계에서 [개발환경]이라는 페이지가 있어서 그 페이지에서 소스등록및 실행을 할 수있었다고 하는데현재는 이 페이지가 없습니다. 따라서 [기획및 설계]단계에서 등록할 결과이미지/동영상을 등록할 수 없는 데..어떻게 하나요?[기획및 설계]단계를 제출할수 없으니 ,1846,2026-01-07 00:09:44,closed,0,학습/과제,답변 가능,"유사 사례 존재, 명확한 가이드라인 제공 가능",높음,FAQ 데이터베이스 | 과거 문의 답변 히스토리 | 강의 커리큘럼 정보 | 과제 제출 규정 및 가이드 | 코드 예제 및 샘플 | 학습 자료 링크 | 첨부 이미지 분석 (스크린샷 내용 파악),True,True,상세_설명,과거 응답 스타일을 학습하여 유사한 톤과 형식으로 답변 가능,False,False,Korean,False,안녕하세요.현재 과제 구성이 [기획 및 설계] 문서 작성 후 [서비스 개발](이전 개발환경) 과제를 진행하는 바뀌었습니다.[기획 및 설계] 제출 후 [서비스 개발]을 진행하시면 되,1,1
36,AI Literacy 실습/인증 관련,안녕하세요 AI Literacy 실습/인증시 화면이 먹통이 되더니 다시 재접한 결과 연습 0회 및 인증 시작도 되지 않습니다.확인 부탁드리겠습니다.,3571,2026-01-07 00:41:24,closed,0,계정/권한,답변 가능,"유사 사례 존재, 명확한 가이드라인 제공 가능",높음,"FAQ 데이터베이스 | 과거 문의 답변 히스토리 | 사용자 계정 정보 (권한, 그룹, 인증 대상 여부) | 인증 시험 일정 및 대상자 정보 | 사용자별 활성화된 기능 목록 | 첨부 이미지 분석 (스크린샷 내용 파악)",True,False,단순_조치_완료,"과거 응답 참조하여 ""조치 완료"" 패턴 유지 가능, 단 Agent는 실제 조치 불가능하므로 운영자 에스컬레이션 필요",False,False,Korean,False,"복구해드렸습니다 같은 증상 발생 시 다시 말씀해주세요.환경 문제일 수 있으니, 네트워크 환경이 원활한 곳에서 시도해주세요 감사합니다.",1,1
37,Bootcamp 강의 문의,복습 차원에서 부트캠프 수업을 다시 듣고 싶은데요강의 다시 들을 수 있을까요?,2894,2026-01-08 01:43:22,closed,0,학습/과제,답변 가능,FAQ 또는 가이드 문서 기반 답변 가능,높음,FAQ 데이터베이스 | 과거 문의 답변 히스토리 | 강의 커리큘럼 정보 | 과제 제출 규정 및 가이드 | 코드 예제 및 샘플 | 학습 자료 링크 | 첨부 이미지 분석 (스크린샷 내용 파악),True,True,상세_설명,과거 응답 스타일을 학습하여 유사한 톤과 형식으로 답변 가능,False,False,Korean,False,안녕하세요.재수강은 따로 제공하고 있지 않고 있습니다.,1,1
38,최종과제 제출,과제 제출 tab에서 화면 로딩만 무한으로 계속돌고 진행이 되지않습니다.,4560,2026-01-08 10:18:23,closed,0,학습/과제,답변 가능,"유사 사례 존재, 명확한 가이드라인 제공 가능",높음,FAQ 데이터베이스 | 과거 문의 답변 히스토리 | 강의 커리큘럼 정보 | 과제 제출 규정 및 가이드 | 코드 예제 및 샘플 | 학습 자료 링크 | 첨부 이미지 분석 (스크린샷 내용 파악),True,True,상세_설명,과거 응답 스타일을 학습하여 유사한 톤과 형식으로 답변 가능,False,False,Korean,False,안녕하세요.부트캠프 제출 마감일자에 임박하며 사용량이 늘어 환경이 일시적으로 불안정 및 일부 사용자에게 문제가 발생할 수 있습니다. 현재 임시조치로 사용량 대응 및 시스템 정상 확,1,1
39,최종과제 접속불가,저도 최종과제 무한로딩 상태입니다. 오늘 계속그러네요.,2996,2026-01-08 10:51:41,closed,0,학습/과제,답변 가능,"유사 사례 존재, 명확한 가이드라인 제공 가능",높음,FAQ 데이터베이스 | 과거 문의 답변 히스토리 | 강의 커리큘럼 정보 | 과제 제출 규정 및 가이드 | 코드 예제 및 샘플 | 학습 자료 링크 | 첨부 이미지 분석 (스크린샷 내용 파악),True,True,상세_설명,과거 응답 스타일을 학습하여 유사한 톤과 형식으로 답변 가능,False,False,Korean,False,안녕하세요.부트캠프 제출 마감일자에 임박하며 사용량이 늘어 환경이 일시적으로 불안정 및 일부 사용자에게 문제가 발생할 수 있습니다. 현재 임시조치로 사용량 대응 및 시스템 정상 확,1,1
40,AI Literacy 실습 및 인증 시험 ,"안녕하세요?1. AI Literacy 실습 - 클릭 후 화면이 안나와서 리프레시 몇번했더니 연습 회수가 3번정도 사라졌습니다 가능하면 원복 부탁드립니다2.  AI Literacy 인증 시험 활성화 - 연습횟수 완료 후 인증 시험 버튼 활성화가 되지않아서,    Collage에서 수강신청 후에도 인증 시험이 활성화가 되지 않는데 다른 절차가 있는지 문의드립니",3010,2026-01-09 01:42:28,closed,0,계정/권한,답변 가능,"유사 사례 존재, 명확한 가이드라인 제공 가능",높음,"FAQ 데이터베이스 | 과거 문의 답변 히스토리 | 사용자 계정 정보 (권한, 그룹, 인증 대상 여부) | 인증 시험 일정 및 대상자 정보 | 사용자별 활성화된 기능 목록 | 첨부 이미지 분석 (스크린샷 내용 파악)",True,False,단순_조치_완료,"과거 응답 참조하여 ""조치 완료"" 패턴 유지 가능, 단 Agent는 실제 조치 불가능하므로 운영자 에스컬레이션 필요",False,False,Korean,False,안녕하세요.인증시험은 신청 후 시험 당일 오픈됩니다. 자세한 내용은 AX College 내 공지 참조 부탁드립니다. 신청한 인증시험 일정에 맞춰 안내메일이 발송될 예정입니다.또한 ,1,1
41,Bootcamp 활성화 문의,안녕하세요bootcamp 가 비활성화 되어있는데 언제 활성화 되는지 문의 드립니다.,400,2026-01-09 01:49:26,closed,0,계정/권한,답변 불가능,개인 계정 확인 및 시스템 조치 필요,높음,"FAQ 데이터베이스 | 과거 문의 답변 히스토리 | 사용자 계정 정보 (권한, 그룹, 인증 대상 여부) | 인증 시험 일정 및 대상자 정보 | 사용자별 활성화된 기능 목록",True,False,단순_조치_완료,"과거 응답 참조하여 ""조치 완료"" 패턴 유지 가능, 단 Agent는 실제 조치 불가능하므로 운영자 에스컬레이션 필요",False,False,Korean,False,안녕하세요.AI Bootcamp는 신청자 대상으로 해당 일정에 맞춰 활성화 됩니다.,1,1
42,BootCamp 강의 복습 불가하나요?,AI 리터러시 단계는 수료했는데요 지금 강의 리터러시 교육 강의 영상을 다시 볼 수 있던데요. AI 부트캠프 단계는 복습이 불가능해요?,2985,2026-01-09 03:06:00,closed,0,학습/과제,답변 가능,"유사 사례 존재, 명확한 가이드라인 제공 가능",높음,FAQ 데이터베이스 | 과거 문의 답변 히스토리 | 강의 커리큘럼 정보 | 과제 제출 규정 및 가이드 | 코드 예제 및 샘플 | 학습 자료 링크,True,True,상세_설명,과거 응답 스타일을 학습하여 유사한 톤과 형식으로 답변 가능,False,False,Korean,False,안녕하세요.AI Literacy는 상시 오픈 과정으로 제한없이 학습 가능하며 AI Bootcamp는 사용자별 개발환경 제공으로 인해 신청자 대상으로 오픈되며 복습은 따로 제공하고 ,1,1
43,sqlite문의,sqlite 파일 이름을 계속 바꾸어 테스트를 하여도 계속 락이 걸렷다는 메세지가 뜨는 이유는 뭔가요?,752,2026-01-09 10:01:18,closed,0,기타,답변 가능,"유사 사례 존재, 명확한 가이드라인 제공 가능",높음,FAQ 데이터베이스 | 과거 문의 답변 히스토리 | 첨부 이미지 분석 (스크린샷 내용 파악),True,conditional,상세_설명,Agent가 답변 가능 여부는 문의 구체성에 따라 판단 필요,False,False,Korean,False,안녕하세요sqlite는 파일db로 트랜잭션 종료시까지 lock이 걸려 다른 작업 중 동시에 write 요청 시 락이 걸리며 작업이 정상적으로 이루어지지 않습니다.다만 현재 정확한 ,1,1
44,web vdi가 없어서 동료 web vdi에서 작업하고 있는데,과제 제출하면 동료 과제로 등록되는건가요,2607,2026-01-09 10:57:39,closed,0,학습/과제,답변 가능,FAQ 또는 가이드 문서 기반 답변 가능,높음,FAQ 데이터베이스 | 과거 문의 답변 히스토리 | 강의 커리큘럼 정보 | 과제 제출 규정 및 가이드 | 코드 예제 및 샘플 | 학습 자료 링크 | 첨부 이미지 분석 (스크린샷 내용 파악),True,True,상세_설명,과거 응답 스타일을 학습하여 유사한 톤과 형식으로 답변 가능,False,False,Korean,False,안녕하세요.접속하신 AI Talent Lab 계정 기준으로 제출 처리 됩니다.,1,1
45,1,,2607,2026-01-09 11:32:57,closed,0,기타,조건부 답변 가능,문의 내용에 따라 판단 필요,낮음,FAQ 데이터베이스 | 과거 문의 답변 히스토리,False,unknown,N/A,N/A,False,False,Korean,False,,0,0
46,지금 인베딩 동시 요청 초과 인가요?,문서 인덱싱하는데 아무 응답이 없어서요,2607,2026-01-09 11:51:25,closed,0,건의/개선,답변 가능,"유사 사례 존재, 명확한 가이드라인 제공 가능",높음,FAQ 데이터베이스 | 과거 문의 답변 히스토리 | 현재 서비스 기능 명세 | 개선 요청 이력 | 로드맵 정보 | 첨부 이미지 분석 (스크린샷 내용 파악),True,conditional,상세_설명,Agent가 답변 가능 여부는 문의 구체성에 따라 판단 필요,False,False,Korean,False,"안녕하세요.임베딩 API 호출은 Azure OpenAI를 통해 이루어지며, 외부 API 요청이기 때문에 플랫폼 내에서 상태를 확인하기는 어렵습니다.  API 요청 시 로깅을 통해 ",1,1
47,마이프로필에 이수이력 갱신 여부 문의,"안녕하세요마이 프로필에 있는 이수이력 갱신은 언제쯤 되는 건지 궁금합니다.Master 수료 완료한 상태인데, 리터러시와 Master 단계가 진행중으로 표시되서 문의 드립니다.",277,2026-01-12 07:19:06,closed,0,기타,답변 가능,"유사 사례 존재, 명확한 가이드라인 제공 가능",높음,FAQ 데이터베이스 | 과거 문의 답변 히스토리 | 첨부 이미지 분석 (스크린샷 내용 파악),True,conditional,가이드_제공,Agent가 답변 가능 여부는 문의 구체성에 따라 판단 필요,False,False,Korean,False,안녕하세요리터러시의 경우 인증시험 이력을 통해 수료 여부를 확인 가능하며 이수 이력 내 표시는 인증과는 무관합니다.마스터프로젝트 수료 여부는  이메일을 통해 별도 안내되고 있으며 ,1,1
48,작년에 ai bootcamp 완료하면 literacy도 같이 이수한다고 전달받았습니다.,작년에 ai bootcamp 완료하면 literacy도 같이 이수한다고 전달받았습니다.현재 literacy 가 수료되었다고 안나오는데 따로 신청해야 이수표시가 되는건지요?,4403,2026-01-13 01:09:24,closed,0,기타,답변 가능,"유사 사례 존재, 명확한 가이드라인 제공 가능",높음,FAQ 데이터베이스 | 과거 문의 답변 히스토리 | 첨부 이미지 분석 (스크린샷 내용 파악),True,conditional,간단_답변,Agent가 답변 가능 여부는 문의 구체성에 따라 판단 필요,False,False,Korean,False,"안녕하세요.플랫폼 내에서는 플랫폼을 통한 직접 응시 결과 확인만 가능하며, 문의 내용은 AX Culture&Growth팀 담당자에게 문의 부탁드립니다.",1,1
49,"[실습/인증] AI Literacy ""인증시작하기"" 문의",안녕하세요.[실습/인증] AI Literacy 수강 완료 후 인증시작하기 버튼이 비활성화 되어 문의드립니다.다른분 문의 답변에 AX College 에서 신청 가능하다고 하여AI Literacy 인증 수강 신청을 의미하는 것인지 문의 드립니다. 해당 교육 일정은 2026-02-25로 되어 있으면 7층 강의실입니다. 온라인 신청 절차가 있는지 문의 드립니다.감,4011,2026-01-13 04:48:22,closed,0,계정/권한,답변 가능,"유사 사례 존재, 명확한 가이드라인 제공 가능",높음,"FAQ 데이터베이스 | 과거 문의 답변 히스토리 | 사용자 계정 정보 (권한, 그룹, 인증 대상 여부) | 인증 시험 일정 및 대상자 정보 | 사용자별 활성화된 기능 목록 | 첨부 이미지 분석 (스크린샷 내용 파악)",True,False,단순_조치_완료,"과거 응답 참조하여 ""조치 완료"" 패턴 유지 가능, 단 Agent는 실제 조치 불가능하므로 운영자 에스컬레이션 필요",False,False,Korean,False,안녕하세요.AX College 내에서 AI Literacy 인증 수강 신청이 맞습니다.College에서 신청하셨으면 별도 추가 절차는 필요 없으며  이후 신청자 대상으로 별도 안내,1,1
50,AI Literacy 실습하기 문의(인증시험버튼 활성화) - 확인해서 신청했습니다.,AI Literacy 모의 인증 테스트 진행후에 인증 시험 버튼이 활성화가 되지 않습니다.혹시 추가 진행해야 하는 부분이 있는지요?,1306,2026-01-14 01:00:33,closed,0,계정/권한,답변 불가능,개인 계정 확인 및 시스템 조치 필요,높음,"FAQ 데이터베이스 | 과거 문의 답변 히스토리 | 사용자 계정 정보 (권한, 그룹, 인증 대상 여부) | 인증 시험 일정 및 대상자 정보 | 사용자별 활성화된 기능 목록",False,unknown,N/A,N/A,False,False,Korean,False,,0,0
51,'26년 Boot Camp는 언제 신청이 가능할까요?  --> 확인했습니다.,금년도 Boot Camp 강의 신청은 언제 가능할까요?AX College에서 찾지를 못하겠네요,2710,2026-01-14 01:35:25,closed,0,학습/과제,답변 가능,FAQ 또는 가이드 문서 기반 답변 가능,높음,FAQ 데이터베이스 | 과거 문의 답변 히스토리 | 강의 커리큘럼 정보 | 과제 제출 규정 및 가이드 | 코드 예제 및 샘플 | 학습 자료 링크,False,unknown,N/A,N/A,False,False,Korean,False,,0,0
52,[Bootcamp] 최종과제 평가결과 및 강의자료 문의 건,"안녕하세요, Bootcamp 최종과제 평과결과 발표일자와 실습, 강의자료 복습차 공유받을 수 있을지 문의드립니다.",4100,2026-01-14 02:02:51,closed,0,학습/과제,답변 가능,"유사 사례 존재, 명확한 가이드라인 제공 가능",높음,FAQ 데이터베이스 | 과거 문의 답변 히스토리 | 강의 커리큘럼 정보 | 과제 제출 규정 및 가이드 | 코드 예제 및 샘플 | 학습 자료 링크 | 첨부 이미지 분석 (스크린샷 내용 파악),True,True,상세_설명,과거 응답 스타일을 학습하여 유사한 톤과 형식으로 답변 가능,False,False,Korean,False,"안녕하세요.최종과제 평가 결과 발표는 1월 21일 예정입니다.실습, 개발 환경 제공은 어려우며, 강의자료와 영상은 다시 볼 수 있도록 준비 중입니다.",1,1
53,[실습/인증] AI Literacy 모의 인증 횟수 원복해주실수 있나요?,모의 인증 시험을 모두 완료하면 바로 인증시험을 온라인으로 진행 가능하다고 잘못 생각해서 진행을 모두 완료했는데요.가장 빠른 시험을 신청하고 보니 아직 1달 이상 남아서 모의 인증 횟수(연습)하는것을 원복해주실수 있는지 문의 드립니다.,1306,2026-01-16 04:31:48,closed,0,계정/권한,답변 가능,"유사 사례 존재, 명확한 가이드라인 제공 가능",높음,"FAQ 데이터베이스 | 과거 문의 답변 히스토리 | 사용자 계정 정보 (권한, 그룹, 인증 대상 여부) | 인증 시험 일정 및 대상자 정보 | 사용자별 활성화된 기능 목록 | 첨부 이미지 분석 (스크린샷 내용 파악)",True,False,단순_조치_완료,"과거 응답 참조하여 ""조치 완료"" 패턴 유지 가능, 단 Agent는 실제 조치 불가능하므로 운영자 에스컬레이션 필요",False,False,Korean,False,"안녕하세요, 실습하기에 대한 안내 모달이 적용되기 전에 진행하신 사항이기 때문에원복조치해드렸습니다.이후에는 추가적으로 횟수를 부여해드리기 어려우니 참고 부탁드립니다.감사합니다.",1,1
54,Bootcamp 이수 문의,안녕하세요. 어제(1/19)부터 AI Bootcamp 과정을 진행 중입니다.AI Bootcamp 이수 전에 AI Literacy 과정을 먼저 이수해야 한다고 하는데 현재 강의는 전체 수강했지만AI Literacy 인증 시험 날짜가 2/25일로 AI Bootcamp 수료일 이후인데 이런 경우에는 어떻게 되는지 여쭙습니다.,4311,2026-01-19 23:33:13,closed,0,계정/권한,답변 가능,"유사 사례 존재, 명확한 가이드라인 제공 가능",높음,"FAQ 데이터베이스 | 과거 문의 답변 히스토리 | 사용자 계정 정보 (권한, 그룹, 인증 대상 여부) | 인증 시험 일정 및 대상자 정보 | 사용자별 활성화된 기능 목록 | 첨부 이미지 분석 (스크린샷 내용 파악)",True,False,단순_조치_완료,"과거 응답 참조하여 ""조치 완료"" 패턴 유지 가능, 단 Agent는 실제 조치 불가능하므로 운영자 에스컬레이션 필요",False,False,Korean,False,"안녕하세요, 기존 대로 AI Literacy 과정을 이수하지 않아도 AI Bootcamp 이수 가능합니다. 감사합니다.",1,1
55,AI Master Project 이력 확인,안녕하세요.기존에 진행하던 페이지가 현재 접속되지 않는것으로 보여서요.혹시 제가 참여했었던 AI Master Project의 최종 산출물 자료를 다시 받아 볼 수 있을지 문의 드립니다.확인 부탁드리겠습니다.감사합니다.,312,2026-01-20 04:06:39,closed,0,기타,답변 가능,"유사 사례 존재, 명확한 가이드라인 제공 가능",높음,FAQ 데이터베이스 | 과거 문의 답변 히스토리,True,conditional,간단_답변,Agent가 답변 가능 여부는 문의 구체성에 따라 판단 필요,False,False,Korean,False,안녕하세요.현재 마스터프로젝트 개편작업으로 인해 기존 페이지는 접근이 불가합니다.2월 말 이전 마스터 프로젝트 내역을 조회할 수 있도록 업데이트 예정입니다.,1,1
56,SK AX 보안 점검 중입니다.,"SK AX 보안 점검 중입니다.

문제 발생 시 연락 바랍니다.
점검자 : 박연우
연락처 : 01096279604",7979,2026-01-21 03:41:15,open,0,기타,조건부 답변 가능,문의 내용에 따라 판단 필요,낮음,FAQ 데이터베이스 | 과거 문의 답변 히스토리 | 첨부 이미지 분석 (스크린샷 내용 파악),False,unknown,N/A,N/A,True,True,Korean,False,,0,0
57,Bootcamp 과제 작성 중 문의,"안녕하세요.Prompt Engineering -> [과제] 생성 품질 향상 기법   메뉴에서 과제를 입력하던 중에,오른쪽 프레임 화면 자체가 첨부한 캡쳐와 같이 변경되었습니다.(과제 설명, 입력란 등 없이, 텍스트 작성기만 화면 전체에 표시됨)원래 화면대로 돌아가려면 어떤 조치를 해야하는지 문의드립니다.",2860,2026-01-21 07:41:05,closed,0,학습/과제,답변 가능,"유사 사례 존재, 명확한 가이드라인 제공 가능",높음,FAQ 데이터베이스 | 과거 문의 답변 히스토리 | 강의 커리큘럼 정보 | 과제 제출 규정 및 가이드 | 코드 예제 및 샘플 | 학습 자료 링크 | 첨부 이미지 분석 (스크린샷 내용 파악),True,True,상세_설명,과거 응답 스타일을 학습하여 유사한 톤과 형식으로 답변 가능,True,True,Korean,False,"안녕하세요.해당 과제는 강의 자료 39페이지 내용으로, 강의 자료의 실습을 진행하며 작성한 프롬프트와 생성된 결과물을 작성하여 제출해주시면 됩니다.",3,2
58,AI Bootcamp 실습환경 초기화,이것저것 눌러보다가 위 화면같이 실습화면에 예제나 초기 화면이 나오지 않습니다.실습환경 초기화는 어떻게 하는지 알수있을까요?,3658,2026-01-21 12:51:53,closed,0,학습/과제,답변 가능,FAQ 또는 가이드 문서 기반 답변 가능,높음,FAQ 데이터베이스 | 과거 문의 답변 히스토리 | 강의 커리큘럼 정보 | 과제 제출 규정 및 가이드 | 코드 예제 및 샘플 | 학습 자료 링크 | 첨부 이미지 분석 (스크린샷 내용 파악),True,True,상세_설명,과거 응답 스타일을 학습하여 유사한 톤과 형식으로 답변 가능,True,True,Korean,False,안녕하세요.실습환경 초기화는 따로 제공하고 있지 않습니다.,1,1
59,ai bootcamp 어디서 신청하면 되나요?,ai bootcamp 어디서 언제 신청하면 되는지 궁금합니다.,7918,2026-01-22 02:10:59,closed,0,기타,조건부 답변 가능,문의 내용에 따라 판단 필요,낮음,FAQ 데이터베이스 | 과거 문의 답변 히스토리 | 첨부 이미지 분석 (스크린샷 내용 파악),True,conditional,간단_답변,Agent가 답변 가능 여부는 문의 구체성에 따라 판단 필요,False,False,Korean,False,안녕하세요.AX College에서 신청 가능합니다.,1,1
60,AI BootCamp 이수관련,"AI Bootcamp를 작년에 수강신청을 했습니다.아직 프로젝트를 마무리 하지 못해서 수강하려는데, 수강신청 기간 종료라고 나오고 AI BootCamp과목 수강 버튼이 비활성화 되어있습니다.",7938,2026-01-22 07:46:14,closed,0,계정/권한,답변 가능,"유사 사례 존재, 명확한 가이드라인 제공 가능",높음,"FAQ 데이터베이스 | 과거 문의 답변 히스토리 | 사용자 계정 정보 (권한, 그룹, 인증 대상 여부) | 인증 시험 일정 및 대상자 정보 | 사용자별 활성화된 기능 목록 | 첨부 이미지 분석 (스크린샷 내용 파악)",True,False,단순_조치_완료,"과거 응답 참조하여 ""조치 완료"" 패턴 유지 가능, 단 Agent는 실제 조치 불가능하므로 운영자 에스컬레이션 필요",False,False,Korean,False,안녕하세요.AI Bootcamp는 신청한 수강 기간 내에만 활성화됩니다. 재수강을 원하시는 경우 AX College에서 수강신청 부탁드립니다.,1,1
61,AI Literacy 실습하기 문의(인증시험버튼 활성화),안녕하세요?AI Leiteracy 인증시험 전 사전실습하기 최종제출버튼 클릭 후인증시험 버튼이 비활성화 입니다....인증시험까지 완료 된 것인지요?,3346,2026-01-23 04:11:57,closed,0,계정/권한,답변 가능,"유사 사례 존재, 명확한 가이드라인 제공 가능",높음,"FAQ 데이터베이스 | 과거 문의 답변 히스토리 | 사용자 계정 정보 (권한, 그룹, 인증 대상 여부) | 인증 시험 일정 및 대상자 정보 | 사용자별 활성화된 기능 목록 | 첨부 이미지 분석 (스크린샷 내용 파악)",True,False,단순_조치_완료,"과거 응답 참조하여 ""조치 완료"" 패턴 유지 가능, 단 Agent는 실제 조치 불가능하므로 운영자 에스컬레이션 필요",True,True,Korean,False,"인증시험은 AX College 신청 기반으로 월 1회 시행하고 있으며, 시험 대상에게 시험 당일/시간에만 활성화 됩니다.",1,1
62,AI Bootcamp 이수,AX College에서 AI Bootcamp 수강신청이 안되는데 언제 가능할까요?,7938,2026-01-23 04:24:00,closed,0,기타,답변 가능,"유사 사례 존재, 명확한 가이드라인 제공 가능",높음,FAQ 데이터베이스 | 과거 문의 답변 히스토리 | 첨부 이미지 분석 (스크린샷 내용 파악),True,conditional,간단_답변,Agent가 답변 가능 여부는 문의 구체성에 따라 판단 필요,False,False,Korean,False,"안녕하세요, 금일 모든 연간 일정 오픈해두었습니다. 2차까지는 마감이 되었으니 그 이후 일정으로 신청 부탁 드립니다.",1,1
63,AI BootCamp 미이수 관련 질의,안녕하세요 .첨부 사진과 같이 미이수 결과의 경우 과제 재 제출란이 있는데해당란을 통해 추가 제출을 진행하면 재심사를 받는것인지 혹은 다음 차수에서 추가 이수를 해야하는지 문의드립니다.,4358,2026-01-23 08:32:56,closed,0,학습/과제,답변 가능,"유사 사례 존재, 명확한 가이드라인 제공 가능",높음,FAQ 데이터베이스 | 과거 문의 답변 히스토리 | 강의 커리큘럼 정보 | 과제 제출 규정 및 가이드 | 코드 예제 및 샘플 | 학습 자료 링크 | 첨부 이미지 분석 (스크린샷 내용 파악),True,True,상세_설명,과거 응답 스타일을 학습하여 유사한 톤과 형식으로 답변 가능,True,True,Korean,False,안녕하세요.해당 페이지는 결과 확인 페이지로 현재 프로그램이 개편되며 개발 환경과 과제 제출페이지는 사용되지 않는 페이지입니다.패치로 해당 컴포넌트는 삭제 예정입니다.,3,2
64,AI BootCamp 질문,안녕하세요이번 결과확인 화면에서 기존에 제출했던 산출물에 대한 확인이 가능한건가요?아니면 현재 점검 또는 오류로 조회되지 않는것인가요?,3890,2026-01-23 08:35:22,closed,0,기술지원/에러,답변 가능,"유사 사례 존재, 명확한 가이드라인 제공 가능",높음,"FAQ 데이터베이스 | 과거 문의 답변 히스토리 | 시스템 에러 로그 | 일반적인 에러 해결 가이드 | 환경 설정 정보 (Python 버전, 라이브러리 버전 등) | API 키 설정 가이드",True,conditional,간단_답변,Agent가 답변 가능 여부는 문의 구체성에 따라 판단 필요,False,False,Korean,False,"안녕하세요.프로그램이 개편되며 결과확인 화면에서 기존 산출물은 조회가 불가능합니다.추후 영상, 자료, 산출물 등을 다시 확인할 수 있도록 준비중입니다.",1,1
65,과제 제출하고 완성도(?) 이걸로 미수료 처리되었는데요,다음 차수 다시 도전할수 있는건가요?,2607,2026-01-24 02:46:27,closed,0,학습/과제,답변 가능,FAQ 또는 가이드 문서 기반 답변 가능,높음,FAQ 데이터베이스 | 과거 문의 답변 히스토리 | 강의 커리큘럼 정보 | 과제 제출 규정 및 가이드 | 코드 예제 및 샘플 | 학습 자료 링크 | 첨부 이미지 분석 (스크린샷 내용 파악),True,True,상세_설명,과거 응답 스타일을 학습하여 유사한 톤과 형식으로 답변 가능,False,False,Korean,False,안녕하세요.가능하신 일정에 신청하셔서 재수강 가능합니다.,1,1
66,최종 결과발표 전 사전으로 검토나 피드백을 받고싶습니다.,최종 발표시에만 결과가 공개되는걸까요?,3621,2026-01-27 03:26:05,closed,0,기타,답변 가능,"유사 사례 존재, 명확한 가이드라인 제공 가능",높음,FAQ 데이터베이스 | 과거 문의 답변 히스토리 | 첨부 이미지 분석 (스크린샷 내용 파악),True,conditional,간단_답변,Agent가 답변 가능 여부는 문의 구체성에 따라 판단 필요,False,False,Korean,False,"안녕하세요, 현재는 불가능하나관련 요구사항 반영하여2월 초 중 사전 검토 기능 오픈 예정입니다.",1,1
67,8주 목표 설정,현재 skill / 역량 부분을 작성하고 있습니다.해당 8주 목표 설정을 세부적으로 정해야하나요? 아니면 포괄적으로 정리하고 이후 과제를 구체화 해도 되나요??,3405,2026-01-27 03:50:55,closed,0,학습/과제,답변 가능,"유사 사례 존재, 명확한 가이드라인 제공 가능",높음,FAQ 데이터베이스 | 과거 문의 답변 히스토리 | 강의 커리큘럼 정보 | 과제 제출 규정 및 가이드 | 코드 예제 및 샘플 | 학습 자료 링크 | 첨부 이미지 분석 (스크린샷 내용 파악),True,True,상세_설명,과거 응답 스타일을 학습하여 유사한 톤과 형식으로 답변 가능,False,False,Korean,False,"안녕하세요,8주 목표 설정 부분은 멘토가 멘티별 멘토링 전 사전에 파악하기 위함이므로포괄적으로 정리하시고 이후 과제를 진행하시는 과정에서 구체화해주시면 됩니다.",1,1
68,동영상 강의가 짤린 것 같아요,"Azure OpenAI & LangChain 강의에서6장. LangGraph 기초 및 활용 - LangGraph 구조을 듣고있습니다.강의 내용 중에 LangGraph 가 이전 대화내용윽 기억하기 위해 MemorySaver() 를 사용하면 된다는 코드 내용이 있는데21:45 즘에 동영상 강의 내용을 보면, ""이전에 내가 뭐라고 했어?"" 라고 질문하는 동영상 ",2384,2026-01-27 12:23:15,closed,0,기술지원/에러,답변 가능,"유사 사례 존재, 명확한 가이드라인 제공 가능",높음,"FAQ 데이터베이스 | 과거 문의 답변 히스토리 | 시스템 에러 로그 | 일반적인 에러 해결 가이드 | 환경 설정 정보 (Python 버전, 라이브러리 버전 등) | API 키 설정 가이드",True,conditional,간단_답변,Agent가 답변 가능 여부는 문의 구체성에 따라 판단 필요,False,False,Korean,False,안녕하세요.확인이 늦었습니다. 코드 최신화 과정에서 누락된 강의로 보입니다. 수정할 수 있도록 하겠습니다.감사합니다.,2,1
69,강의 이어 듣기 재생이 않되네요,"AI Literacy 강의 이어듣기를 하려고 하는데, 동영상 플레이가 뚝뚝 끊기네요",2969,2026-01-29 01:51:46,closed,0,학습/과제,답변 가능,"유사 사례 존재, 명확한 가이드라인 제공 가능",높음,FAQ 데이터베이스 | 과거 문의 답변 히스토리 | 강의 커리큘럼 정보 | 과제 제출 규정 및 가이드 | 코드 예제 및 샘플 | 학습 자료 링크 | 첨부 이미지 분석 (스크린샷 내용 파악),True,True,상세_설명,과거 응답 스타일을 학습하여 유사한 톤과 형식으로 답변 가능,False,False,Korean,False,안녕하세요.동영상 재생은 개인별 사용 환경에 따라 차이가 발생할 수 있습니다.원활한 네트워크 환경 내 크롬 브라우저 사용을 권장합니다.,1,1
70,AI Literacy 강의관련,안녕하세요.마이페이지에 'AI Literacy'는 '진행중'으로 남아 있습니다.과정에 할당된 강의는 모두 들었는데 '이수' 조건이 따로 있는 지요?감사합니다.,3691,2026-01-29 02:07:25,closed,0,학습/과제,답변 가능,"유사 사례 존재, 명확한 가이드라인 제공 가능",높음,FAQ 데이터베이스 | 과거 문의 답변 히스토리 | 강의 커리큘럼 정보 | 과제 제출 규정 및 가이드 | 코드 예제 및 샘플 | 학습 자료 링크 | 첨부 이미지 분석 (스크린샷 내용 파악),True,True,상세_설명,과거 응답 스타일을 학습하여 유사한 톤과 형식으로 답변 가능,False,False,Korean,False,"안녕하세요.마이페이지 내 AI Literacy 진행 중 상태는 강의 수강 가능 상태를 의미하며, AX College 내 AI Literacy 시험 응시를 통해 이수할 수 있습니다.",1,1
71, AI Literacy 실습하기 문의,"안녕하세요, 금일 4시간 뒤에 시험을 칠 예정으로, 현재 교육을 다 이수하고 연습 차원에서 실습을 연습 2회 및 인증 시험 까지 쳤는데, 이 시험이 실제시험과 다른 시험인건가요?실제 시험까지 네시간 남짓 남은 상황에서 인증 시험을 마무리 한 후 인증 시험 채점 대기중으로 떠 확인 차 문의 드립니다.",11262,2026-01-29 17:00:08,closed,0,계정/권한,답변 불가능,개인 계정 확인 및 시스템 조치 필요,높음,"FAQ 데이터베이스 | 과거 문의 답변 히스토리 | 사용자 계정 정보 (권한, 그룹, 인증 대상 여부) | 인증 시험 일정 및 대상자 정보 | 사용자별 활성화된 기능 목록",True,False,단순_조치_완료,"과거 응답 참조하여 ""조치 완료"" 패턴 유지 가능, 단 Agent는 실제 조치 불가능하므로 운영자 에스컬레이션 필요",False,False,Korean,False,안녕하세요메일 회신드렸습니다.,1,1
73,[긴급] 미국법인 인증 시험 활성화 필요 (1/29 오후 4시),미국법인 HR 담당자입니다.시간차로 본사 담당자 연락이 닿지 않아 연락드립니다.시험 시작 전 4분전인데 아직도 인증 시험이 활성화 되어 있지 않습니다.오전까지는 분명 활성화 된것을 확인 했는데 없어졌네요.바로 확인 부탁드립니다.,11204,2026-01-29 20:56:57,closed,0,계정/권한,답변 가능,"유사 사례 존재, 명확한 가이드라인 제공 가능",높음,"FAQ 데이터베이스 | 과거 문의 답변 히스토리 | 사용자 계정 정보 (권한, 그룹, 인증 대상 여부) | 인증 시험 일정 및 대상자 정보 | 사용자별 활성화된 기능 목록 | 첨부 이미지 분석 (스크린샷 내용 파악)",True,False,단순_조치_완료,"과거 응답 참조하여 ""조치 완료"" 패턴 유지 가능, 단 Agent는 실제 조치 불가능하므로 운영자 에스컬레이션 필요",False,False,Korean,False,안녕하세요 오전에 활성화 된것이 잘못 표시된 것으로 현재는 수정되어 오후 4시 정시부터 오픈될 예정입니다.,2,1
74,AI Bootcamp 최종과제 문의,Step2 기획및 설계 파트에서 소스실행하여 나오는 결과 영상 입력 항목이 존재하는데 실행결과 관련해서는 Step3 서비스개발단계에서 영상 확인이 가능합니다.Step2 기획및 설계에 특정항목은 작성을 안하고 제출한뒤 서비스개발 및 동작구현을 완료하고 다시 step2로 넘어와서 재제출 하여도 문제없을까요? 아니면 예상 흐름과 요약으로 간략하게 제출해도 문제없,8193,2026-01-29 22:45:03,closed,0,학습/과제,답변 가능,"유사 사례 존재, 명확한 가이드라인 제공 가능",높음,FAQ 데이터베이스 | 과거 문의 답변 히스토리 | 강의 커리큘럼 정보 | 과제 제출 규정 및 가이드 | 코드 예제 및 샘플 | 학습 자료 링크,True,True,상세_설명,과거 응답 스타일을 학습하여 유사한 톤과 형식으로 답변 가능,False,False,Korean,False,"안녕하세요,제출은 여러번 가능하시며 평가에 영향을 주지 않으니 재제출하셔도 됩니다.이후 혼선이 발생하지 않도록 step 이라는 용어와 ux 보완 하도록 하겠습니다.감사합니다.",1,1
75,AI Literacy 평가 문의,"안녕하세요. 정성우 입니다. 

AI Literacy 인증 시험을 완료하였고, 마이페이지 > 인증시험 이력 > 시험의 상태정보를 확인해보면, 상태 값이 평가 대기중으로 표시됩니다.

이와 관련하여 2가지 문의 드립니다.

1. 문항 선택 시 Tech 문항을 선택했는데, 인증시험 이력 테이블에는 Non-Tech로 표시됩니다. 
   제가 선택한 항목이 Non",11306,2026-01-30 20:30:33,closed,0,계정/권한,답변 가능,"유사 사례 존재, 명확한 가이드라인 제공 가능",높음,"FAQ 데이터베이스 | 과거 문의 답변 히스토리 | 사용자 계정 정보 (권한, 그룹, 인증 대상 여부) | 인증 시험 일정 및 대상자 정보 | 사용자별 활성화된 기능 목록 | 첨부 이미지 분석 (스크린샷 내용 파악)",True,False,단순_조치_완료,"과거 응답 참조하여 ""조치 완료"" 패턴 유지 가능, 단 Agent는 실제 조치 불가능하므로 운영자 에스컬레이션 필요",False,False,Korean,False,안녕하세요.1. Tech문항 선택으로 확인됩니다. 현재 플랫폼개편 작업이 진행중으로 정상적으로 표시될 수 있도록 개선하겠습니다.2. 평가결과는 HR 담당자를 통해 안내 예정입니다.,1,1
76,AI Bootcamp 최종과제 문의,평가 하시는 분이 readme에 필수라이브러리 설치 실행법이랑 서비스 구동 넣어놨는데 평가하시면서 지정된 라이브러리설치하고 평가를 진행하시나요? 아니라면 라이브러리설치 안하는 쪽으로 소스수정을 진행해야해서요,8193,2026-01-31 02:09:54,closed,0,학습/과제,답변 가능,"유사 사례 존재, 명확한 가이드라인 제공 가능",높음,FAQ 데이터베이스 | 과거 문의 답변 히스토리 | 강의 커리큘럼 정보 | 과제 제출 규정 및 가이드 | 코드 예제 및 샘플 | 학습 자료 링크 | 첨부 이미지 분석 (스크린샷 내용 파악),True,True,상세_설명,과거 응답 스타일을 학습하여 유사한 톤과 형식으로 답변 가능,False,False,Korean,False,안녕하세요.현재 사용자별로 가상환경을 사용하도록 되어 있습니다. 사용 중인 가상 환경 내 라이브러리 설치하여 과제 진행하시면 됩니다.,1,1
77,강의 중 소스코드 문의,"bootcamp 다음 강의를 듣고있습니다. : 

서비스 개발 및 패키징 ->
[실습] 서버 클라이언트 구조

server 디렉터리의 main.py 에 다음과 같이 실행하라고 되어있는데요..# 실행은 server 경로에서# . venv/bin/activate# uvicorn main:app --port=8001실행해보면 경로를 찾을수 없다고 뜹니다.-bas",2384,2026-02-01 14:39:09,closed,0,학습/과제,답변 가능,"유사 사례 존재, 명확한 가이드라인 제공 가능",높음,FAQ 데이터베이스 | 과거 문의 답변 히스토리 | 강의 커리큘럼 정보 | 과제 제출 규정 및 가이드 | 코드 예제 및 샘플 | 학습 자료 링크 | 첨부 이미지 분석 (스크린샷 내용 파악),True,True,상세_설명,과거 응답 스타일을 학습하여 유사한 톤과 형식으로 답변 가능,False,False,Korean,False,안녕하세요.현재 사이트 내 개발 IDE에선 가상환경을 바로 사용하도록 설정되어 있어 . venv/bin/activate는 건너뛰고바로 server 경로 내에서 uvicorn mai,1,1
78,[실습/인증] AI Literacy 인증시험 사전 연습 복구,연습한지 오래되서 시험전 다시 연습이 필요한데 사전 연습 횟수 복구가 가능한지 문의드립니다.,3627,2026-02-01 23:54:50,closed,0,계정/권한,답변 가능,"유사 사례 존재, 명확한 가이드라인 제공 가능",높음,"FAQ 데이터베이스 | 과거 문의 답변 히스토리 | 사용자 계정 정보 (권한, 그룹, 인증 대상 여부) | 인증 시험 일정 및 대상자 정보 | 사용자별 활성화된 기능 목록 | 첨부 이미지 분석 (스크린샷 내용 파악)",True,False,단순_조치_완료,"과거 응답 참조하여 ""조치 완료"" 패턴 유지 가능, 단 Agent는 실제 조치 불가능하므로 운영자 에스컬레이션 필요",False,False,Korean,False,안녕하세요.현재 개별 횟수 복구는 진행하고 있지 않으며 리터러시 인증 신청 후 안내 메일 발송 시점에 추가횟수 부여해 드리고 있습니다.,1,1
79,AI Bootcamp 최종 과제 제출 관련 문의 드립니다.,"안녕하세요.최종 과제 화면을 보면 저장/제출 버튼이 있는데과제 평가는 '제출'한 기준으로 하시는 건가요?제가 과제를 제출한 뒤에 이것 저것 변경해 보았는데, 평가는 제출한 내용으로 받고 싶어서 문의 드립니다.감사합니다.",4586,2026-02-02 12:25:52,closed,0,계정/권한,답변 가능,"유사 사례 존재, 명확한 가이드라인 제공 가능",높음,"FAQ 데이터베이스 | 과거 문의 답변 히스토리 | 사용자 계정 정보 (권한, 그룹, 인증 대상 여부) | 인증 시험 일정 및 대상자 정보 | 사용자별 활성화된 기능 목록 | 첨부 이미지 분석 (스크린샷 내용 파악)",True,False,단순_조치_완료,"과거 응답 참조하여 ""조치 완료"" 패턴 유지 가능, 단 Agent는 실제 조치 불가능하므로 운영자 에스컬레이션 필요",False,False,Korean,False,"안녕하세요.최종 과제의 `서비스 개발` 제출 시 과제 제출 시간이 업데이트 되며, 평가는 일정 주기로 돌며 제출 시간이 업데이트 되어 있다면 재평가가 이루어집니다.최종 결과는 최종",1,1
80,에러 해결이 안돼요ㅠㅠ,"requests.exceptions.ConnectionError: HTTPConnectionPool(host='localhost', port=8000): Max retries exceeded with url: /api/trend (Caused by NewConnectionError(""HTTPConnection(host='localhost', port=800",2656,2026-02-02 13:45:28,closed,0,기술지원/에러,답변 가능,"유사 사례 존재, 명확한 가이드라인 제공 가능",높음,"FAQ 데이터베이스 | 과거 문의 답변 히스토리 | 시스템 에러 로그 | 일반적인 에러 해결 가이드 | 환경 설정 정보 (Python 버전, 라이브러리 버전 등) | API 키 설정 가이드 | 첨부 이미지 분석 (스크린샷 내용 파악)",True,conditional,상세_설명,Agent가 답변 가능 여부는 문의 구체성에 따라 판단 필요,False,False,English,True,안녕하세요.백엔드가 정상적으로 실행되지 않은 상태 같습니다.실습 환경을 다수의 사용자가 공동으로 사용하고 있기 때문에 포트번호가 겹쳐 제대로 실행되지 않는 경우가 있습니다.백엔드 ,1,1
81,AI Talent Lab 로그인 비밀번호 변경,안녕하세요?로그인 비밀번호를 변경하려면 어디서 해야 하나요?감사합니다.,2844,2026-02-03 01:21:44,closed,0,기타,답변 가능,"유사 사례 존재, 명확한 가이드라인 제공 가능",높음,FAQ 데이터베이스 | 과거 문의 답변 히스토리 | 첨부 이미지 분석 (스크린샷 내용 파악),True,conditional,간단_답변,Agent가 답변 가능 여부는 문의 구체성에 따라 판단 필요,False,False,Korean,False,안녕하세요.마이페이지에서 변경할 수 있도록 기능 추가했습니다.비밀번호 변경 버튼이 보이지 않는다면 새로고침후 이용해주세요.,1,1
82,Bootcamp 각 과목별 과제 문의,총 6개 과목별로 마지막 단계에 있는 과제도 필수로 제출해야하는건지 궁금합니다단순히 개인별 과목 실습을 하면서 정리해보는 정도의 과제인건지아니면 이것도 과정 이수를 위해 필수로 제출해야하는 과제인지 알고싶습니다.,2384,2026-02-03 05:01:06,closed,0,학습/과제,답변 가능,"유사 사례 존재, 명확한 가이드라인 제공 가능",높음,FAQ 데이터베이스 | 과거 문의 답변 히스토리 | 강의 커리큘럼 정보 | 과제 제출 규정 및 가이드 | 코드 예제 및 샘플 | 학습 자료 링크 | 첨부 이미지 분석 (스크린샷 내용 파악),True,True,상세_설명,과거 응답 스타일을 학습하여 유사한 톤과 형식으로 답변 가능,False,False,Korean,False,안녕하세요.강의 내 과제는 평가 대상이 아니며 개인 실습을 위한 과정으로 이해하시면 됩니다.최종 과제의 내용은 강의 내 과제와 연관이 있으므로 이수를 위한 최종 과제의 준비를 위해,1,1
83,ai 멘토 커맨트,안녕하세요.현재 AI Master Project 참여중입니다.각 과제를 작성한 후 AI 멘토의 코맨트를 받을 수 있는 것 같은데요.어느 시점에 코맨트가 작성되는지 궁금합니다.과제를 작성중에서 -> 검토요청 -> 다시 작성중으로 바뀌면 작성되는 것 같기도 하고...지금은 상태를 계속 바꿔도 코맨트가 추가로 작성이 안되서요.감사합니다.,404,2026-02-05 01:12:22,closed,0,학습/과제,답변 가능,"유사 사례 존재, 명확한 가이드라인 제공 가능",높음,FAQ 데이터베이스 | 과거 문의 답변 히스토리 | 강의 커리큘럼 정보 | 과제 제출 규정 및 가이드 | 코드 예제 및 샘플 | 학습 자료 링크 | 첨부 이미지 분석 (스크린샷 내용 파악),True,True,상세_설명,과거 응답 스타일을 학습하여 유사한 톤과 형식으로 답변 가능,False,False,Korean,False,"안녕하십니까 매니저님 AI 멘토는 작성중인 과제를 '검토 중'으로 변경하셨을 때나, 멘티분이 코멘트란에 새로운 댓글을 달았을 때 필요에 따라 답변을 달게 되어있습니다.말씀주신대로 ",2,1
84,삭제,확인 되어 삭제 합니다.삭제 기능이 없어 그냥 수정 하였습니다.,1910,2026-02-06 00:53:42,closed,0,기타,조건부 답변 가능,문의 내용에 따라 판단 필요,낮음,FAQ 데이터베이스 | 과거 문의 답변 히스토리,False,unknown,N/A,N/A,False,False,Korean,False,,0,0
85,과제가 제출이 되어버렸습니다.,"안녕하세요.아직 과제 진행중이였는데, 어느 순간 과제가 제출이 되어버린 것 같습니다.2/13까지 계속 소스 수정보완해서 제출하려고 했는데,현재 상태에서 가능할런지요?",3023,2026-02-06 04:31:53,closed,0,학습/과제,답변 가능,"유사 사례 존재, 명확한 가이드라인 제공 가능",높음,FAQ 데이터베이스 | 과거 문의 답변 히스토리 | 강의 커리큘럼 정보 | 과제 제출 규정 및 가이드 | 코드 예제 및 샘플 | 학습 자료 링크 | 첨부 이미지 분석 (스크린샷 내용 파악),True,True,상세_설명,과거 응답 스타일을 학습하여 유사한 톤과 형식으로 답변 가능,False,False,Korean,False,"안녕하세요.소스 보완 이후 `서비스 개발` 재제출 해주시면 됩니다.최종 과제의 `서비스 개발` 제출 시 과제 제출 시간이 업데이트 되며, 평가는 일정 주기로 돌며 제출 시간이 업데",1,1
86,AI Literacy 인증 신청은 어떻게 하는 건가요?,"하루한테 물어보면 AI talent lab에 접속하라고 하는데, AI talent lab에는 관련 안내가 없네요.",1133,2026-02-07 03:35:21,closed,0,계정/권한,답변 가능,"유사 사례 존재, 명확한 가이드라인 제공 가능",높음,"FAQ 데이터베이스 | 과거 문의 답변 히스토리 | 사용자 계정 정보 (권한, 그룹, 인증 대상 여부) | 인증 시험 일정 및 대상자 정보 | 사용자별 활성화된 기능 목록 | 첨부 이미지 분석 (스크린샷 내용 파악)",True,False,단순_조치_완료,"과거 응답 참조하여 ""조치 완료"" 패턴 유지 가능, 단 Agent는 실제 조치 불가능하므로 운영자 에스컬레이션 필요",False,False,Korean,False,안녕하세요.AI Literacy 인증 시험은 AX college에서 공지 확인 및 신청할 수 있습니다.,3,2
87,실습 환경에 파이썬 패키지 설치 문의,실습 과제를 하다 보니 pdf로 문서를 변환시켜주는 기능을 개발중인데요pip install fpdf2설치하여 해당 모듈에서 제공하는 클래스를 활용해보고 싶은데 가능한지 문의드립니다.,2384,2026-02-07 10:57:02,closed,0,학습/과제,답변 가능,"유사 사례 존재, 명확한 가이드라인 제공 가능",높음,FAQ 데이터베이스 | 과거 문의 답변 히스토리 | 강의 커리큘럼 정보 | 과제 제출 규정 및 가이드 | 코드 예제 및 샘플 | 학습 자료 링크 | 첨부 이미지 분석 (스크린샷 내용 파악),True,True,상세_설명,과거 응답 스타일을 학습하여 유사한 톤과 형식으로 답변 가능,False,False,Korean,False,안녕하세요.실습환경 내 IDE 접속 시 사용자별로 자동으로 가상환경이 세팅됩니다.콘솔에서 설정된 가상환경 내에 바로 설치하여 사용하시면 됩니다.,1,1
88,ai bootcamp 수료 후 실습 및 과제 다시 확인하는 방법은 없을까요?,ai bootcamp 수료 후 실습 및 과제 다시 확인하는 방법은 없을까요?,3646,2026-02-09 08:12:29,closed,0,학습/과제,답변 가능,"유사 사례 존재, 명확한 가이드라인 제공 가능",높음,FAQ 데이터베이스 | 과거 문의 답변 히스토리 | 강의 커리큘럼 정보 | 과제 제출 규정 및 가이드 | 코드 예제 및 샘플 | 학습 자료 링크 | 첨부 이미지 분석 (스크린샷 내용 파악),True,True,상세_설명,과거 응답 스타일을 학습하여 유사한 톤과 형식으로 답변 가능,False,False,Korean,False,"안녕하세요.현재 이전 산출물 확인은 불가능합니다.추후 산출물, 강의자료를 확인할 수 있도록 개발 예정입니다.",1,1
89,웹 환경 실행 불가,"로컬에서 개발 진행 시에는 잘 동작하지만 제출 환경에 올리면 동작이 잘 되지 않습니다.로그 확인도 어려워서 문제 확인이 어려운데, 대안으로 로컬에서 실행하는 데모 영상 제출로 평가가 가능할지 문의드립니다.",1194,2026-02-10 05:21:44,closed,0,학습/과제,답변 가능,"유사 사례 존재, 명확한 가이드라인 제공 가능",높음,FAQ 데이터베이스 | 과거 문의 답변 히스토리 | 강의 커리큘럼 정보 | 과제 제출 규정 및 가이드 | 코드 예제 및 샘플 | 학습 자료 링크 | 첨부 이미지 분석 (스크린샷 내용 파악),True,True,상세_설명,과거 응답 스타일을 학습하여 유사한 톤과 형식으로 답변 가능,False,False,Korean,False,안녕하세요.로컬 실행 데모영상으로 평가 가능하며 해당 소스코드 사이트 내 환경에 업로드 후 제출 부탁드립니다.,1,1
90,Bootcamp 최종과제 api key 관련 문의,과정소개 페이지의 api key 사용하여 개발하고 테스트해보려는데 아래와 같이 invalid key 오류가 발생하여 진행이 불가합니다.SKAX 사내망에서만 유효하다는게 본사의 SKAX 네트워크에서 해당키가 사용가능하다는건가요?외부사이트에서 외부 인터넷으로 진행중에 있습니다.,2343,2026-02-10 05:54:13,closed,0,기술지원/에러,답변 가능,"유사 사례 존재, 명확한 가이드라인 제공 가능",높음,"FAQ 데이터베이스 | 과거 문의 답변 히스토리 | 시스템 에러 로그 | 일반적인 에러 해결 가이드 | 환경 설정 정보 (Python 버전, 라이브러리 버전 등) | API 키 설정 가이드 | 첨부 이미지 분석 (스크린샷 내용 파악)",True,conditional,상세_설명,Agent가 답변 가능 여부는 문의 구체성에 따라 판단 필요,False,False,Korean,False,"안녕하십니까 매니저님,
로컬에서 해당 키를 사용하여 LLM을 호출하시려면, 말씀주신 대로 본사의 SK AX망을 통해서만 가능합니다.
외부 인터넷 환경에서 진행하시는 경우에는, AI",1,1
91,과제 제출 문의,"안녕하세요. 최종 과제는 로컬에서 진행하였는데, 최종 결과물인 소스파일은 최종과제>서비스 개발 화면에 올려야 하는건가요?한번에 파일 하나만 업로드가 가능하도록 되어있는데개발소스 폴더 압축해서 하나의 압축 파일로 업로드 해도 되는지 문의 드립니다.",3406,2026-02-10 06:12:04,closed,0,학습/과제,답변 가능,"유사 사례 존재, 명확한 가이드라인 제공 가능",높음,FAQ 데이터베이스 | 과거 문의 답변 히스토리 | 강의 커리큘럼 정보 | 과제 제출 규정 및 가이드 | 코드 예제 및 샘플 | 학습 자료 링크 | 첨부 이미지 분석 (스크린샷 내용 파악),True,True,상세_설명,과거 응답 스타일을 학습하여 유사한 톤과 형식으로 답변 가능,False,False,Korean,False,"안녕하십니까 매니저님
네, 맞습니다. 로컬에서 개발하신 최종 결과물은 '최종과제 > 서비스 개발' 화면에 업로드해 주시면 됩니다.말씀하신 대로 파일 업로드는 한 번에 하나씩만 가능",1,1
92,AI Literacy 인증 관련 문의 입니다.,"AI Literacy 교육은 다 시청 하고 인증시험 사전 연습은 5회 다 했는데도, 인증 하기가 비활성화 되어 있어서, AX College에서 공지를 확인 했는데, 26년에는 온라인 병행 확대라는 글이 있어서 확인 했는데, 신청화면에서는  교육장소가U타워 7층 교육장으로 나와있는데, 오프라인으로만 가능한건가요?온라인 인증이 계획되어 있다면 언제쯤 되는지 확",4183,2026-02-10 23:33:10,closed,0,계정/권한,답변 가능,"유사 사례 존재, 명확한 가이드라인 제공 가능",높음,"FAQ 데이터베이스 | 과거 문의 답변 히스토리 | 사용자 계정 정보 (권한, 그룹, 인증 대상 여부) | 인증 시험 일정 및 대상자 정보 | 사용자별 활성화된 기능 목록",True,False,단순_조치_완료,"과거 응답 참조하여 ""조치 완료"" 패턴 유지 가능, 단 Agent는 실제 조치 불가능하므로 운영자 에스컬레이션 필요",False,False,Korean,False,"안녕하세요, 2월까지는 오프라인 시험으로만 운영되며, 이후 3월부터 온라인 시험도 운영하려 합니다. AX College에서 3월 이후 차수로 신청해 주시면, 응시 전 방법 안내 드",1,1
93,과제제출-기획서 관련,안녕하세요.기획서 제출 단계에서 한번 제출하면 이후 수정이 불가능 한지 문의 드립니다.감사합니다.,3652,2026-02-11 01:19:51,closed,0,학습/과제,답변 가능,"유사 사례 존재, 명확한 가이드라인 제공 가능",높음,FAQ 데이터베이스 | 과거 문의 답변 히스토리 | 강의 커리큘럼 정보 | 과제 제출 규정 및 가이드 | 코드 예제 및 샘플 | 학습 자료 링크 | 첨부 이미지 분석 (스크린샷 내용 파악),True,True,상세_설명,과거 응답 스타일을 학습하여 유사한 톤과 형식으로 답변 가능,False,False,Korean,False,"안녕하세요.수정하여 재제출 가능하며 `서비스 개발` 제출 시 평가가 이루어집니다. `서비스 개발` 제출 이후에도 다시 제출 버튼을 누르면 과제 제출 시간이 업데이트 되며, 평가는 ",1,1
94,새로 오픈한 코드리뷰 사용 문의,"새로 오픈한 코드리뷰를 사용해 보니, 충족/부분충족 이라고 분류가 되어서 나오는데부분충족이 있으면 불합격이 되는건가요?",1256,2026-02-11 06:16:07,closed,0,학습/과제,답변 가능,"유사 사례 존재, 명확한 가이드라인 제공 가능",높음,FAQ 데이터베이스 | 과거 문의 답변 히스토리 | 강의 커리큘럼 정보 | 과제 제출 규정 및 가이드 | 코드 예제 및 샘플 | 학습 자료 링크 | 첨부 이미지 분석 (스크린샷 내용 파악),True,True,가이드_제공,과거 응답 스타일을 학습하여 유사한 톤과 형식으로 답변 가능,False,False,Korean,False,"안녕하십니까코드 리뷰 기능의 ""충족/부분충족/미충족"" 표시는 이수 여부와 직접적으로 연결되지 않습니다.코드 리뷰 기능은 ""과제 소개""에 안내된 핵심 요구사항을 얼마나 구현했는지 진",1,1
