TABLE_NAME,COLUMN_NAME,DATA_TYPE,IS_NULLABLE,COLUMN_KEY
agent_memories,id,bigint,NO,PRI
agent_memories,user_id,int,NO,MUL
agent_memories,namespace,varchar,NO,
agent_memories,file_path,varchar,NO,MUL
agent_memories,content,text,YES,
agent_memories,extra_data,text,YES,
agent_memories,created_at,datetime,NO,
agent_memories,updated_at,datetime,NO,MUL
ai_interview_question,id,bigint,NO,PRI
ai_interview_question,schedule_id,bigint,NO,MUL
ai_interview_question,question_index,int,NO,
ai_interview_question,question_text,text,NO,
ai_interview_question,created_at,datetime,NO,
ai_interview_recording,id,bigint,NO,PRI
ai_interview_recording,session_id,bigint,NO,MUL
ai_interview_recording,phase,varchar,NO,
ai_interview_recording,question_id,bigint,YES,
ai_interview_recording,file_path,varchar,NO,
ai_interview_recording,file_size,bigint,YES,
ai_interview_recording,duration_sec,int,YES,
ai_interview_recording,created_at,datetime,NO,
ai_interview_retry_grant,id,bigint,NO,PRI
ai_interview_retry_grant,schedule_id,bigint,NO,MUL
ai_interview_retry_grant,user_id,int,NO,
ai_interview_retry_grant,granted_by,int,NO,
ai_interview_retry_grant,reason,text,YES,
ai_interview_retry_grant,is_used,tinyint,NO,
ai_interview_retry_grant,created_at,datetime,NO,
ai_interview_schedule,id,bigint,NO,PRI
ai_interview_schedule,cohort_id,int,YES,
ai_interview_schedule,start_date,datetime,NO,
ai_interview_schedule,end_date,datetime,NO,
ai_interview_schedule,max_attempts,int,NO,
ai_interview_schedule,is_active,tinyint,NO,
ai_interview_schedule,created_at,datetime,NO,
ai_interview_schedule,updated_at,datetime,NO,
ai_interview_session,id,bigint,NO,PRI
ai_interview_session,schedule_id,bigint,NO,MUL
ai_interview_session,user_id,int,NO,
ai_interview_session,attempt_number,int,NO,
ai_interview_session,status,varchar,NO,
ai_interview_session,presentation_duration_sec,int,YES,
ai_interview_session,qa_duration_sec,int,YES,
ai_interview_session,answered_count,int,YES,
ai_interview_session,submitted_at,datetime,YES,
ai_interview_session,created_at,datetime,NO,
ai_interview_session,updated_at,datetime,NO,
ai_interview_session_log,id,bigint,NO,PRI
ai_interview_session_log,session_id,bigint,NO,MUL
ai_interview_session_log,event_type,varchar,NO,
ai_interview_session_log,event_payload,json,YES,
ai_interview_session_log,logged_at,datetime,NO,
announcement,id,bigint,NO,PRI
announcement,title,varchar,NO,
announcement,content,text,NO,
announcement,target_type,varchar,NO,
announcement,target_cohort_ids,json,YES,
announcement,display_start_dt,datetime,NO,
announcement,display_end_dt,datetime,NO,
announcement,is_popup,tinyint,NO,
announcement,is_active,tinyint,NO,
announcement,created_by,int,NO,MUL
announcement,create_dt,datetime,YES,
announcement,update_dt,datetime,YES,
announcement_read_status,id,bigint,NO,PRI
announcement_read_status,announcement_id,bigint,NO,MUL
announcement_read_status,user_id,int,NO,MUL
announcement_read_status,read_dt,datetime,YES,
announcement_read_status,do_not_show_again,tinyint,NO,
block,id,varchar,NO,PRI
block,document_id,varchar,NO,MUL
block,parent_id,varchar,YES,MUL
block,type,varchar,NO,
block,props,json,NO,
block,content,json,NO,
block,order_index,int,NO,
bootcamp_cohort_statistics,id,int,NO,PRI
bootcamp_cohort_statistics,cohort_id,int,NO,UNI
bootcamp_cohort_statistics,cohort_name,varchar,NO,
bootcamp_cohort_statistics,total_users,int,YES,
bootcamp_cohort_statistics,statistics,json,YES,
bootcamp_cohort_statistics,updated_at,datetime,NO,MUL
bootcamp_cohort_statistics,created_at,datetime,NO,
bootcamp_evaluation_criteria,id,int,NO,PRI
bootcamp_evaluation_criteria,criteria_uuid,varchar,NO,MUL
bootcamp_evaluation_criteria,name,varchar,NO,
bootcamp_evaluation_criteria,version,varchar,NO,
bootcamp_evaluation_criteria,criteria,json,NO,
bootcamp_evaluation_criteria,is_active,tinyint,YES,
bootcamp_evaluation_criteria,group_id,int,YES,MUL
bootcamp_evaluation_criteria,created_by,int,YES,
bootcamp_evaluation_criteria,created_at,datetime,YES,
bootcamp_evaluation_criteria,updated_at,datetime,YES,
bootcamp_evaluation_criteria,language,varchar,YES,
bootcamp_evaluation_progress,id,int,NO,PRI
bootcamp_evaluation_progress,cohort_id,int,NO,
bootcamp_evaluation_progress,total_users,int,NO,
bootcamp_evaluation_progress,completed_users,int,NO,
bootcamp_evaluation_progress,failed_users,int,NO,
bootcamp_evaluation_progress,status,enum,YES,
bootcamp_evaluation_progress,started_by,int,YES,
bootcamp_evaluation_progress,started_at,datetime,YES,
bootcamp_evaluation_progress,completed_at,datetime,YES,
bootcamp_evaluation_progress,error_message,text,YES,
bootcamp_evaluation_progress,criteria_id,int,YES,MUL
bootcamp_evaluation_progress,created_at,datetime,YES,
bootcamp_evaluation_progress,updated_at,datetime,YES,
chat_message,id,varchar,NO,PRI
chat_message,session_id,varchar,NO,MUL
chat_message,role,varchar,NO,
chat_message,content,text,NO,
chat_message,timestamp,datetime,NO,
chat_messages,id,bigint,NO,PRI
chat_messages,chat_id,varchar,NO,MUL
chat_messages,user_id,bigint,YES,
chat_messages,role,varchar,NO,
chat_messages,content,text,NO,
chat_messages,created_at,datetime,YES,
chat_sessions,id,varchar,NO,PRI
chat_sessions,user_id,bigint,YES,
chat_sessions,title,varchar,YES,
chat_sessions,created_at,datetime,YES,
chat_sessions,updated_at,datetime,YES,
chat_sessions,lecture_id,int,YES,
chat_summaries,chat_id,varchar,NO,PRI
chat_summaries,user_id,bigint,NO,
chat_summaries,summary,text,NO,
chat_summaries,updated_at,datetime,YES,
checklist_criteria,id,bigint,NO,PRI
checklist_criteria,evaluation_criteria_id,bigint,NO,MUL
checklist_criteria,status,enum,NO,
checklist_criteria,is_deleted,tinyint,NO,
checklist_criteria,checklist,json,NO,
checklist_criteria,max_score,float,NO,
checklist_criteria,create_dt,datetime,YES,
checklist_criteria,update_dt,datetime,YES,
code_review_log,id,int,NO,PRI
code_review_log,user_id,int,NO,
code_review_log,user_identifier,varchar,NO,
code_review_log,lecture_id,int,NO,
code_review_log,language,varchar,NO,
code_review_log,is_final_project,int,NO,
code_review_log,status,enum,NO,
code_review_log,model_name,varchar,YES,
code_review_log,input_tokens,int,YES,
code_review_log,output_tokens,int,YES,
code_review_log,total_tokens,int,YES,
code_review_log,tool_calls_count,int,NO,
code_review_log,tool_calls_detail,json,YES,
code_review_log,review_html,text,YES,
code_review_log,review_length,int,YES,
code_review_log,error_message,text,YES,
code_review_log,started_at,datetime,NO,
code_review_log,completed_at,datetime,YES,
code_review_log,duration_ms,int,YES,
code_review_log,review_metadata,json,YES,
coding_criteria,id,bigint,NO,PRI
coding_criteria,evaluation_criteria_id,bigint,NO,MUL
coding_criteria,is_deleted,tinyint,NO,
coding_criteria,expected_output_format,varchar,YES,
coding_criteria,max_score,float,YES,
coding_criteria,create_dt,datetime,YES,
coding_criteria,update_dt,datetime,YES,
coding_evaluation_script,id,bigint,NO,PRI
coding_evaluation_script,coding_criteria_id,bigint,NO,MUL
coding_evaluation_script,filename,varchar,NO,
coding_evaluation_script,script,text,NO,
coding_evaluation_script,version,int,NO,
coding_evaluation_script,is_active,tinyint,NO,
coding_evaluation_script,description,text,YES,
coding_evaluation_script,create_dt,datetime,YES,
coding_evaluation_script,update_dt,datetime,YES,
cohort,id,int,NO,PRI
cohort,type,varchar,YES,
cohort,name,varchar,YES,
cohort,start_date,datetime,YES,
cohort,end_date,datetime,YES,
cohort,description,text,YES,
cohort,announce_date,datetime,YES,
cohort,group_id,int,YES,
cohort,program_id,int,YES,
content_summary,id,int,NO,PRI
content_summary,target_file,text,YES,
content_summary,target_type,varchar,NO,
content_summary,summary,text,YES,
content_summary,create_dt,datetime,NO,
conversation_criteria,id,bigint,NO,PRI
conversation_criteria,evaluation_criteria_id,bigint,NO,MUL
conversation_criteria,is_deleted,tinyint,NO,
conversation_criteria,criteria,json,NO,
conversation_criteria,max_score,float,YES,
conversation_criteria,create_dt,datetime,YES,
conversation_criteria,update_dt,datetime,YES,
course,id,int,NO,PRI
course,program_id,int,YES,MUL
course,title,text,NO,
course,description,text,YES,
course,create_dt,datetime,NO,
course,order_index,int,NO,
course,bg_url,text,YES,
course,badge,varchar,YES,
document,id,varchar,NO,PRI
document,title,varchar,NO,
document,create_dt,datetime,NO,
document,update_dt,datetime,NO,
document,create_user_id,varchar,YES,
document,last_update_user_id,varchar,YES,
evaluation_criteria,id,bigint,NO,PRI
evaluation_criteria,task_pool_id,bigint,NO,MUL
evaluation_criteria,status,enum,NO,
evaluation_criteria,create_dt,datetime,YES,
evaluation_criteria,update_dt,datetime,YES,
evaluation_reference,id,bigint,NO,PRI
evaluation_reference,coding_criteria_id,bigint,NO,MUL
evaluation_reference,title,text,YES,
evaluation_reference,file_type,varchar,NO,
evaluation_reference,file_path,text,YES,
evaluation_reference,file_id,varchar,YES,
evaluation_reference,description,text,YES,
evaluation_reference,create_dt,datetime,YES,
evaluation_reference,update_dt,datetime,YES,
exam_autogen_messages,id,bigint,NO,PRI
exam_autogen_messages,session_id,varchar,NO,MUL
exam_autogen_messages,message_id,varchar,NO,
exam_autogen_messages,role,varchar,NO,
exam_autogen_messages,content,text,NO,
exam_autogen_messages,related_action,varchar,YES,
exam_autogen_messages,created_at,datetime,NO,
exam_autogen_sessions,id,varchar,NO,PRI
exam_autogen_sessions,title,varchar,NO,
exam_autogen_sessions,status,varchar,NO,
exam_autogen_sessions,common_prompt,text,YES,
exam_autogen_sessions,working_draft,json,NO,
exam_autogen_sessions,skill_history,json,NO,
exam_autogen_sessions,created_at,datetime,NO,
exam_autogen_sessions,updated_at,datetime,NO,MUL
exam_category,id,bigint,NO,PRI
exam_category,group_type,varchar,NO,
exam_category,code,varchar,NO,UNI
exam_category,name,varchar,NO,
exam_category,description,text,YES,
exam_category,sort_order,int,YES,
exam_category,is_active,int,YES,
exam_category,create_dt,datetime,YES,
file_analyses,id,varchar,NO,PRI
file_analyses,file_id,varchar,NO,MUL
file_analyses,analysis_type,varchar,NO,
file_analyses,extracted_text,text,YES,
file_analyses,page_count,int,YES,
file_analyses,word_count,int,YES,
file_analyses,character_count,int,YES,
file_analyses,analysis_metadata,json,YES,
file_analyses,is_image_based,tinyint,YES,
file_analyses,ocr_confidence,int,YES,
file_analyses,processing_time,int,YES,
file_analyses,created_at,datetime,YES,
file_analyses,updated_at,datetime,YES,
file_contents,id,varchar,NO,PRI
file_contents,file_id,varchar,NO,MUL
file_contents,page_number,int,NO,
file_contents,content_type,varchar,NO,
file_contents,content_text,text,YES,
file_contents,image_path,varchar,YES,
file_contents,image_data_url,text,YES,
file_contents,ocr_text,text,YES,
file_contents,confidence_score,int,YES,
file_contents,created_at,datetime,YES,
group,id,bigint,NO,PRI
group,code,varchar,NO,
group,name,varchar,YES,
group,description,text,YES,
group,is_default,tinyint,NO,
group,created_at,datetime,NO,
group,updated_at,datetime,NO,
group_forbidden_term,id,bigint,NO,PRI
group_forbidden_term,group_id,bigint,NO,
group_forbidden_term,term,varchar,NO,
group_forbidden_term,term_canonical,varchar,YES,
group_forbidden_term,is_regex,tinyint,NO,
group_forbidden_term,notes,varchar,YES,
group_forbidden_term,created_at,datetime,NO,
group_forbidden_term,updated_at,datetime,NO,
group_program,id,bigint,NO,PRI
group_program,group_id,bigint,NO,
group_program,program_id,bigint,NO,
group_program,program_type,enum,NO,
group_program,created_at,datetime,NO,
group_program,updated_at,datetime,NO,
group_setting,id,bigint,NO,PRI
group_setting,group_id,bigint,NO,
group_setting,settings,json,YES,
group_setting,created_at,datetime,NO,
group_setting,updated_at,datetime,NO,
inquiry,id,bigint,NO,PRI
inquiry,title,varchar,NO,
inquiry,content,text,NO,
inquiry,author_id,int,NO,MUL
inquiry,file_ids,text,YES,
inquiry,group_id,bigint,YES,
inquiry,status,varchar,NO,
inquiry,is_pinned,tinyint,NO,
inquiry,create_dt,datetime,NO,
inquiry,update_dt,datetime,NO,
inquiry_comment,id,bigint,NO,PRI
inquiry_comment,inquiry_id,bigint,NO,MUL
inquiry_comment,content,text,NO,
inquiry_comment,author_id,int,NO,MUL
inquiry_comment,file_ids,text,YES,
inquiry_comment,is_admin,tinyint,NO,
inquiry_comment,create_dt,datetime,NO,
inquiry_comment,update_dt,datetime,NO,
lecture,id,int,NO,PRI
lecture,course_id,int,YES,MUL
lecture,title,text,NO,
lecture,description,text,YES,
lecture,url,text,YES,
lecture,mode,enum,NO,
lecture,video_url,text,YES,
lecture,pdf_file,text,YES,
lecture,survey_data,json,YES,
lecture,create_dt,datetime,NO,
lecture,order_index,int,NO,
lecture,lecture_video_id,int,YES,
lecture_file,id,int,NO,PRI
lecture_file,user_id,int,YES,
lecture_file,file_name,text,NO,
lecture_file,file_type,text,NO,
lecture_file,file_path,text,NO,
lecture_file,create_dt,datetime,NO,
lecture_video,id,int,NO,PRI
lecture_video,title,text,YES,
lecture_video,original_filename,text,NO,
lecture_video,file_size,int,NO,
lecture_video,input_path,text,NO,
lecture_video,output_path,text,YES,
lecture_video,subtitle_path,text,YES,
lecture_video,status,enum,NO,
lecture_video,error_message,text,YES,
lecture_video,progress,int,YES,
lecture_video,uploaded_by,int,YES,
lecture_video,create_dt,datetime,NO,
lecture_video,upload_completed_dt,datetime,YES,
lecture_video,processing_started_dt,datetime,YES,
lecture_video,completed_dt,datetime,YES,
literacy_certification_result,id,bigint,NO,PRI
literacy_certification_result,user_id,int,NO,MUL
literacy_certification_result,literacy_test_id,bigint,NO,MUL
literacy_certification_result,taskset_history_id,bigint,NO,MUL
literacy_certification_result,taskset_id,bigint,NO,MUL
literacy_certification_result,literacy_evaluation_id,bigint,YES,
literacy_certification_result,score,float,NO,
literacy_certification_result,grade,varchar,YES,
literacy_certification_result,overall_comment,text,YES,
literacy_certification_result,category_evaluations,json,YES,
literacy_certification_result,create_dt,datetime,NO,
literacy_certification_result,update_dt,datetime,NO,
literacy_chat_messages,id,bigint,NO,PRI
literacy_chat_messages,user_id,bigint,NO,
literacy_chat_messages,chat_id,varchar,NO,MUL
literacy_chat_messages,role,varchar,NO,
literacy_chat_messages,content,text,YES,
literacy_chat_messages,created_at,datetime,YES,
literacy_chat_sessions,id,varchar,NO,PRI
literacy_chat_sessions,user_id,bigint,NO,
literacy_chat_sessions,title,varchar,YES,
literacy_chat_sessions,task_history_id,int,YES,
literacy_chat_sessions,created_at,datetime,YES,
literacy_chat_sessions,updated_at,datetime,YES,
literacy_evaluation,id,bigint,NO,PRI
literacy_evaluation,literacy_evaluation_request_id,bigint,NO,MUL
literacy_evaluation,user_id,int,NO,MUL
literacy_evaluation,taskset_history_id,bigint,NO,MUL
literacy_evaluation,taskset_id,bigint,NO,MUL
literacy_evaluation,status,enum,NO,
literacy_evaluation,started_at,datetime,YES,
literacy_evaluation,completed_at,datetime,YES,
literacy_evaluation,create_dt,datetime,YES,
literacy_evaluation,update_dt,datetime,YES,
literacy_evaluation_request,id,bigint,NO,PRI
literacy_evaluation_request,requested_user_id,int,NO,MUL
literacy_evaluation_request,literacy_test_id,bigint,NO,MUL
literacy_evaluation_request,status,enum,NO,
literacy_evaluation_request,create_dt,datetime,YES,
literacy_evaluation_request,update_dt,datetime,YES,
literacy_evaluation_request,started_at,datetime,YES,
literacy_evaluation_request,completed_at,datetime,YES,
literacy_evaluation_target,id,bigint,NO,PRI
literacy_evaluation_target,literacy_evaluation_id,bigint,NO,MUL
literacy_evaluation_target,user_id,int,NO,MUL
literacy_evaluation_target,task_pool_id,bigint,NO,MUL
literacy_evaluation_target,task_history_id,bigint,NO,MUL
literacy_evaluation_target,evaluation_type,enum,NO,
literacy_evaluation_target,used_criteria_id,bigint,NO,
literacy_evaluation_target,status,enum,NO,
literacy_evaluation_target,result,json,YES,
literacy_evaluation_target,score,float,YES,
literacy_evaluation_target,max_score,float,YES,
literacy_evaluation_target,comment,text,YES,
literacy_evaluation_target,create_dt,datetime,YES,
literacy_evaluation_target,update_dt,datetime,YES,
literacy_multiple_choice_session,id,bigint,NO,PRI
literacy_multiple_choice_session,lecture_id,int,NO,MUL
literacy_multiple_choice_session,user_id,int,NO,MUL
literacy_multiple_choice_session,is_submitted,tinyint,NO,
literacy_multiple_choice_session,create_dt,datetime,NO,
literacy_multiple_choice_session,update_dt,datetime,NO,
literacy_multiple_choice_session_item,id,bigint,NO,PRI
literacy_multiple_choice_session_item,session_id,bigint,NO,MUL
literacy_multiple_choice_session_item,question_id,bigint,NO,MUL
literacy_multiple_choice_session_item,submitted_answer,int,YES,
literacy_multiple_choice_session_item,create_dt,datetime,NO,
literacy_multiple_choice_session_item,update_dt,datetime,NO,
literacy_question_pool,id,bigint,NO,PRI
literacy_question_pool,lecture_id,int,NO,MUL
literacy_question_pool,question_type,varchar,YES,
literacy_question_pool,question_body,text,NO,
literacy_question_pool,question_options,json,NO,
literacy_question_pool,question_answer,int,NO,
literacy_question_pool,create_dt,datetime,NO,
literacy_question_pool,update_dt,datetime,NO,
literacy_test,id,bigint,NO,PRI
literacy_test,uuid,varchar,NO,UNI
literacy_test,cohort_id,int,YES,MUL
literacy_test,lecture_id,int,YES,
literacy_test,selected_question_pool,int,YES,
literacy_test,test_type,varchar,YES,
literacy_test,user_job_position,varchar,YES,
literacy_test,monitoring,tinyint,YES,
literacy_test,watermark,tinyint,YES,
literacy_test,try_count,int,NO,
literacy_test,retake_allowed,tinyint,YES,
literacy_test,masking_score,tinyint,YES,
literacy_test,is_temporary_account_test,tinyint,YES,
literacy_test,is_guide_video_enabled,tinyint,YES,
literacy_test,title,text,NO,
literacy_test,post_title,text,NO,
literacy_test,intro_title,text,NO,
literacy_test,intro_body,text,NO,
literacy_test,test_start_time,datetime,YES,
literacy_test,test_end_time,datetime,YES,
literacy_test,create_dt,datetime,YES,
literacy_test,announce_date,datetime,YES,
literacy_test_taskset_association,literacy_test_id,bigint,NO,PRI
literacy_test_taskset_association,taskset_id,bigint,NO,PRI
literacy_test_taskset_association,order_index,int,NO,
literacy_test_user_status,id,bigint,NO,PRI
literacy_test_user_status,user_id,int,NO,MUL
literacy_test_user_status,literacy_test_id,bigint,NO,MUL
literacy_test_user_status,status,varchar,NO,
literacy_test_user_status,tutorial_attempts,int,NO,
literacy_test_user_status,tutorial_used,int,NO,
master_project,id,bigint,NO,PRI
master_project,title,text,NO,
master_project,create_dt,datetime,NO,
master_project,update_dt,datetime,NO,
master_project,cohort_id,int,YES,MUL
master_project,template_set_id,bigint,YES,
master_project_chat_messages,id,int,NO,PRI
master_project_chat_messages,session_id,varchar,NO,
master_project_chat_messages,role,varchar,NO,
master_project_chat_messages,content,text,NO,
master_project_chat_messages,token_count,int,YES,
master_project_chat_messages,model_name,varchar,YES,
master_project_chat_messages,refer_code,text,YES,
master_project_chat_messages,created_at,datetime,NO,
master_project_chat_sessions,id,varchar,NO,PRI
master_project_chat_sessions,user_id,int,NO,
master_project_chat_sessions,group_id,bigint,YES,
master_project_chat_sessions,title,varchar,YES,
master_project_chat_sessions,summary,text,YES,
master_project_chat_sessions,status,varchar,NO,
master_project_chat_sessions,message_count,int,NO,
master_project_chat_sessions,last_message_at,datetime,YES,
master_project_chat_sessions,created_at,datetime,NO,
master_project_chat_sessions,updated_at,datetime,NO,
master_project_content,id,bigint,NO,PRI
master_project_content,master_project_id,bigint,NO,
master_project_content,user_id,int,YES,
master_project_content,type,varchar,NO,
master_project_content,title,text,NO,
master_project_content,parent_id,bigint,YES,MUL
master_project_content,content,text,YES,
master_project_content,status,varchar,YES,
master_project_content,create_dt,datetime,NO,
master_project_content,end_dt,datetime,YES,
master_project_content,order_index,bigint,NO,
master_project_group,id,bigint,NO,PRI
master_project_group,name,text,NO,
master_project_group,cohort_id,int,YES,MUL
master_project_group,template_set_id,bigint,YES,MUL
master_project_group,create_dt,datetime,NO,
master_project_group,update_dt,datetime,NO,
master_project_mentoring_report,id,bigint,NO,PRI
master_project_mentoring_report,master_project_group_id,bigint,NO,MUL
master_project_mentoring_report,mentor_user_id,int,NO,MUL
master_project_mentoring_report,mentoring_date,datetime,NO,
master_project_mentoring_report,duration_hours,int,NO,
master_project_mentoring_report,mentoring_type,varchar,NO,
master_project_mentoring_report,content,json,YES,
master_project_mentoring_report,tags,json,YES,
master_project_mentoring_report,status,varchar,NO,
master_project_mentoring_report,create_dt,datetime,NO,
master_project_mentoring_report,update_dt,datetime,NO,
master_project_report,id,bigint,NO,PRI
master_project_report,master_project_id,bigint,NO,
master_project_report,user_id,int,YES,
master_project_report,type,varchar,NO,
master_project_report,title,text,YES,
master_project_report,content,text,YES,
master_project_report,report_dt,datetime,YES,
master_project_report,create_dt,datetime,NO,
master_project_report,update_dt,datetime,NO,
master_project_task,id,bigint,NO,PRI
master_project_task,master_project_taskset_id,bigint,NO,MUL
master_project_task,template_task_id,bigint,YES,MUL
master_project_task,emoji,varchar,YES,
master_project_task,title,text,NO,
master_project_task,doc_id,varchar,YES,
master_project_task,task_type,varchar,NO,
master_project_task,status,varchar,NO,
master_project_task,order_index,bigint,NO,
master_project_task,create_dt,datetime,NO,
master_project_task,update_dt,datetime,NO,
master_project_task,description,text,YES,
master_project_task,content_data,json,YES,
master_project_task,estimated_days,int,YES,
master_project_task,due_date,datetime,YES,
master_project_task_comment,id,bigint,NO,PRI
master_project_task_comment,master_project_task_id,bigint,NO,MUL
master_project_task_comment,user_id,int,NO,MUL
master_project_task_comment,content,text,NO,
master_project_task_comment,file_ids,text,YES,
master_project_task_comment,is_mentor,tinyint,NO,
master_project_task_comment,create_dt,datetime,NO,
master_project_task_comment,update_dt,datetime,NO,
master_project_taskset,id,bigint,NO,PRI
master_project_taskset,user_id,int,NO,MUL
master_project_taskset,master_project_group_id,bigint,NO,MUL
master_project_taskset,template_set_id,bigint,YES,MUL
master_project_taskset,name,varchar,NO,
master_project_taskset,description,text,YES,
master_project_taskset,create_dt,datetime,NO,
master_project_taskset,update_dt,datetime,NO,
mentoring_report_target_mentee,id,bigint,NO,PRI
mentoring_report_target_mentee,mentoring_report_id,bigint,NO,MUL
mentoring_report_target_mentee,user_id,int,NO,MUL
mentoring_report_target_mentee,create_dt,datetime,NO,
mentoring_report_target_mentor,id,bigint,NO,PRI
mentoring_report_target_mentor,mentoring_report_id,bigint,NO,MUL
mentoring_report_target_mentor,user_id,int,NO,MUL
mentoring_report_target_mentor,create_dt,datetime,NO,
model_answer,id,bigint,NO,PRI
model_answer,task_pool_id,bigint,NO,
model_answer,type,varchar,NO,
model_answer,model_answer,text,NO,
model_answer,create_dt,datetime,YES,
model_answer,update_dt,datetime,YES,
mp_evaluation_criteria,id,bigint,NO,PRI
mp_evaluation_criteria,template_set_id,bigint,NO,MUL
mp_evaluation_criteria,name,varchar,NO,
mp_evaluation_criteria,description,text,YES,
mp_evaluation_criteria,max_score,int,NO,
mp_evaluation_criteria,criteria_data,text,YES,
mp_evaluation_criteria,order_index,bigint,NO,
mp_evaluation_criteria,create_dt,datetime,NO,
mp_evaluation_criteria,update_dt,datetime,NO,
mp_task_survey_answer,id,bigint,NO,PRI
mp_task_survey_answer,task_id,bigint,NO,MUL
mp_task_survey_answer,question_id,bigint,YES,MUL
mp_task_survey_answer,question_title,text,NO,
mp_task_survey_answer,answer,text,YES,
mp_task_survey_answer,order_index,int,NO,
mp_task_survey_answer,create_dt,datetime,NO,
mp_task_survey_answer,update_dt,datetime,NO,
mp_task_template,id,bigint,NO,PRI
mp_task_template,template_set_id,bigint,NO,MUL
mp_task_template,title,text,NO,
mp_task_template,content,text,YES,
mp_task_template,order_index,bigint,NO,
mp_task_template,create_dt,datetime,NO,
mp_task_template,update_dt,datetime,NO,
mp_task_template,emoji,varchar,YES,
mp_task_template,doc_id,varchar,YES,
mp_task_template,is_required,tinyint,YES,
mp_task_template,content_data,json,YES,
mp_task_template,estimated_days,int,YES,
mp_task_template,task_type,varchar,YES,
mp_task_template,description,text,YES,
mp_task_template_set,id,bigint,NO,PRI
mp_task_template_set,name,varchar,NO,
mp_task_template_set,description,text,YES,
mp_task_template_set,create_dt,datetime,NO,
mp_task_template_set,update_dt,datetime,NO,
mp_task_template_survey_question,id,bigint,NO,PRI
mp_task_template_survey_question,task_template_id,bigint,NO,MUL
mp_task_template_survey_question,title,text,NO,
mp_task_template_survey_question,description,text,YES,
mp_task_template_survey_question,subtitle,text,YES,
mp_task_template_survey_question,order_index,int,NO,
mp_task_template_survey_question,create_dt,datetime,NO,
mp_task_template_survey_question,update_dt,datetime,NO,
notifications,id,int,NO,PRI
notifications,user_id,int,NO,MUL
notifications,notification_type,varchar,NO,MUL
notifications,title,varchar,NO,
notifications,message,text,NO,
notifications,target_type,varchar,YES,
notifications,target_id,int,YES,
notifications,link_url,varchar,YES,
notifications,extra_data,json,YES,
notifications,is_read,tinyint,NO,MUL
notifications,read_at,datetime,YES,
notifications,created_at,datetime,NO,MUL
notifications,updated_at,datetime,NO,
program,id,int,NO,PRI
program,title,text,NO,
program,description,text,YES,
program,create_dt,datetime,NO,
program,sub,text,YES,
program,bg_url,text,YES,
program,type,enum,YES,
program,tutorial_taskset_id,int,YES,
program,template_set_id,bigint,YES,MUL
program_final_project,id,int,NO,PRI
program_final_project,program_id,int,NO,
program_final_project,lecture_ids,json,NO,
program_final_project,created_at,datetime,NO,
program_final_project,updated_at,datetime,NO,
program_final_project_criteria,id,int,NO,PRI
program_final_project_criteria,final_project_id,int,NO,
program_final_project_criteria,criteria_id,int,NO,
program_final_project_criteria,created_at,datetime,NO,
program_final_project_criteria,updated_at,datetime,NO,
project,id,varchar,NO,PRI
project,user_id,varchar,NO,
project,type,varchar,NO,
project,title,text,YES,
project,content,json,YES,
project,create_dt,datetime,NO,
project,update_dt,datetime,NO,
question,id,varchar,NO,PRI
question,title,varchar,NO,
question,user_id,int,NO,MUL
question,current_version,int,NO,
question,created_at,datetime,NO,
question,updated_at,datetime,NO,
question_generation_log,id,int,NO,PRI
question_generation_log,session_id,varchar,YES,MUL
question_generation_log,question_id,varchar,YES,MUL
question_generation_log,user_id,int,NO,MUL
question_generation_log,job_title,varchar,YES,
question_generation_log,question_type,varchar,YES,
question_generation_log,gpt_model,varchar,YES,
question_generation_log,tokens_used,int,YES,
question_generation_log,generation_time_ms,int,YES,
question_generation_log,success,tinyint,NO,
question_generation_log,error_message,text,YES,
question_generation_log,action_type,varchar,NO,
question_generation_log,created_at,datetime,NO,
question_session,id,varchar,NO,PRI
question_session,title,varchar,NO,
question_session,user_id,int,NO,MUL
question_session,created_at,datetime,NO,
question_session,updated_at,datetime,NO,
question_test_session,id,varchar,NO,PRI
question_test_session,question_id,varchar,NO,MUL
question_test_session,user_id,int,NO,MUL
question_test_session,version_number,int,NO,
question_test_session,chat_history,json,YES,
question_test_session,editor_content,text,YES,
question_test_session,is_submitted,tinyint,NO,
question_test_session,created_at,datetime,NO,
question_test_session,updated_at,datetime,NO,
question_version,id,varchar,NO,PRI
question_version,question_id,varchar,NO,MUL
question_version,version_number,int,NO,
question_version,question_data,json,NO,
question_version,created_by_session,varchar,YES,
question_version,change_reason,varchar,YES,
question_version,created_at,datetime,NO,
reference_materials,id,varchar,NO,PRI
reference_materials,name,varchar,NO,
reference_materials,type,varchar,NO,
reference_materials,content,text,NO,
reference_materials,url,varchar,YES,
reference_materials,user_id,int,NO,MUL
reference_materials,created_at,datetime,YES,
reference_materials,updated_at,datetime,YES,
ssh_connection,id,int,NO,PRI
ssh_connection,user_id,varchar,NO,MUL
ssh_connection,session_id,varchar,NO,UNI
ssh_connection,client_ip,varchar,YES,
ssh_connection,user_agent,varchar,YES,
ssh_connection,ssh_host,varchar,NO,
ssh_connection,ssh_port,int,NO,
ssh_connection,ssh_username,varchar,NO,
ssh_connection,status,varchar,NO,
ssh_connection,error_message,text,YES,
ssh_connection,initial_path,text,YES,
ssh_connection,instance_id,varchar,NO,MUL
ssh_connection,hostname,varchar,YES,
ssh_connection,pod_ip,varchar,YES,
ssh_connection,connect_time,datetime,NO,
ssh_connection,disconnect_time,datetime,YES,
ssh_connection,last_activity,datetime,NO,
ssh_connection,create_dt,datetime,NO,
ssh_connection,update_dt,datetime,NO,
streamlit_process,id,int,NO,PRI
streamlit_process,port,int,NO,MUL
streamlit_process,user_id,varchar,NO,MUL
streamlit_process,file_path,text,NO,
streamlit_process,process_id,int,YES,
streamlit_process,status,enum,NO,
streamlit_process,instance_id,varchar,NO,MUL
streamlit_process,hostname,varchar,YES,
streamlit_process,pod_ip,varchar,YES,
streamlit_process,start_time,datetime,NO,
streamlit_process,end_time,datetime,YES,
streamlit_process,last_heartbeat,datetime,NO,
streamlit_process,create_dt,datetime,NO,
streamlit_process,update_dt,datetime,NO,
task_history,id,bigint,NO,PRI
task_history,user_id,int,NO,MUL
task_history,taskset_history_id,bigint,NO,MUL
task_history,task_id,bigint,NO,MUL
task_history,submit_dt,datetime,YES,
task_history,is_submit,tinyint,NO,
task_message,id,bigint,NO,PRI
task_message,uuid,varchar,NO,UNI
task_message,history_id,bigint,YES,MUL
task_message,type,text,NO,
task_message,message,text,NO,
task_message,is_removed,tinyint,NO,
task_message,is_answer,tinyint,NO,
task_message,create_dt,datetime,YES,
task_output,id,bigint,NO,PRI
task_output,user_id,int,NO,
task_output,history_id,bigint,YES,MUL
task_output,format,text,YES,
task_output,path,text,YES,
task_output,create_dt,datetime,YES,
task_output,update_dt,datetime,YES,
task_pool,id,bigint,NO,PRI
task_pool,ref_no,varchar,YES,UNI
task_pool,test_type,varchar,NO,
task_pool,level,varchar,NO,
task_pool,job_position,varchar,NO,
task_pool,subject,text,YES,
task_pool,title,text,NO,
task_pool,subtitle,text,NO,
task_pool,hint,text,YES,
task_pool,body,text,YES,
task_pool,format,varchar,NO,
task_pool,output,text,NO,
task_pool,support_lang,json,YES,
task_pool,create_dt,datetime,YES,
task_pool,update_dt,datetime,YES,
task_pool,language,varchar,NO,
task_reference,id,bigint,NO,PRI
task_reference,task_id,bigint,YES,MUL
task_reference,title,mediumtext,NO,
task_reference,data_type,varchar,NO,
task_reference,body,mediumtext,NO,
task_reference,file_id,varchar,YES,
task_reference,create_dt,datetime,YES,
taskset,id,bigint,NO,PRI
taskset,test_type,varchar,NO,
taskset,title,text,NO,
taskset,test_time,int,NO,
taskset,create_dt,datetime,YES,
taskset,update_dt,datetime,YES,
taskset_history,id,bigint,NO,PRI
taskset_history,user_id,int,NO,MUL
taskset_history,literacy_test_id,bigint,YES,MUL
taskset_history,taskset_id,bigint,YES,MUL
taskset_history,test_type,varchar,NO,
taskset_history,test_time,int,NO,
taskset_history,start_dt,datetime,YES,
taskset_history,end_dt,datetime,YES,
taskset_history,is_submit,tinyint,NO,
taskset_task_pool_association,taskset_id,bigint,NO,PRI
taskset_task_pool_association,task_pool_id,bigint,NO,PRI
taskset_task_pool_association,create_dt,datetime,YES,
taskset_task_pool_association,order_index,int,NO,
uploaded_files,id,varchar,NO,PRI
uploaded_files,user_id,bigint,NO,
uploaded_files,original_filename,varchar,NO,
uploaded_files,file_path,varchar,NO,
uploaded_files,file_size,bigint,NO,
uploaded_files,file_type,varchar,NO,
uploaded_files,mime_type,varchar,NO,
uploaded_files,status,varchar,YES,
uploaded_files,created_at,datetime,YES,
uploaded_files,updated_at,datetime,YES,
user,id,int,NO,PRI
user,user_uuid,varchar,YES,
user,email,varchar,YES,UNI
user,user_id,varchar,NO,UNI
user,username,text,YES,
user,hashed_password,text,YES,
user,is_active,tinyint,YES,
user,is_temp_password,tinyint,YES,
user,create_dt,datetime,YES,
user,update_dt,datetime,YES,
user,last_login_dt,datetime,YES,
user,first_login_dt,datetime,YES,
user,group1,varchar,YES,
user,temp_password,text,YES,
user_activity,id,int,NO,PRI
user_activity,user_id,int,NO,MUL
user_activity,activity_type,varchar,NO,
user_activity,activity_date,datetime,NO,
user_activity,description,text,YES,
user_activity,extra_data,text,YES,
user_activity,client_ip,varchar,YES,
user_cohort_status,id,int,NO,PRI
user_cohort_status,user_id,int,YES,MUL
user_cohort_status,cohort_id,int,YES,MUL
user_cohort_status,status,varchar,NO,
user_cohort_status,description,json,YES,
user_cohort_status,created_at,datetime,NO,
user_cohort_status,updated_at,datetime,NO,
user_cohorts,user_id,int,NO,PRI
user_cohorts,cohort_id,int,NO,PRI
user_cohorts,open_dt,datetime,YES,
user_cohorts,close_dt,datetime,YES,
user_course,id,int,NO,PRI
user_course,user_id,int,YES,MUL
user_course,course_id,int,YES,MUL
user_course,open_dt,datetime,YES,
user_course,close_dt,datetime,YES,
user_create_rule,id,int,NO,PRI
user_create_rule,title,varchar,YES,
user_create_rule,column_names,json,YES,
user_create_rule,rule,json,YES,
user_create_rule,created_at,datetime,NO,
user_create_rule,updated_at,datetime,NO,
user_evaluation,id,int,NO,PRI
user_evaluation,user_id,varchar,NO,
user_evaluation,target_type,text,NO,
user_evaluation,target_id,int,NO,
user_evaluation,result,json,NO,
user_evaluation,evaluated_at,datetime,NO,
user_evaluation,score,int,YES,
user_evaluation,cohort_id,int,YES,
user_group,user_id,bigint,NO,PRI
user_group,group_id,bigint,NO,
user_group,created_at,datetime,NO,
user_group,updated_at,datetime,NO,
user_history,id,int,NO,PRI
user_history,user_id,int,NO,
user_history,history_type,text,NO,
user_history,target_id,int,NO,
user_history,status,text,NO,
user_history,create_dt,datetime,YES,
user_history,output,text,YES,
user_history,update_dt,datetime,YES,
user_job,id,int,NO,PRI
user_job,user_id,int,YES,MUL
user_job,job_data,json,NO,
user_job,created_at,datetime,NO,
user_job,updated_at,datetime,NO,
user_lecture,id,int,NO,PRI
user_lecture,user_id,int,YES,MUL
user_lecture,lecture_id,int,YES,MUL
user_lecture,open_dt,datetime,YES,
user_lecture,close_dt,datetime,YES,
user_master_project_association,id,bigint,NO,PRI
user_master_project_association,user_id,int,NO,
user_master_project_association,master_project_id,bigint,NO,
user_master_project_group_association,id,bigint,NO,PRI
user_master_project_group_association,user_id,int,NO,MUL
user_master_project_group_association,master_project_group_id,bigint,NO,MUL
user_master_project_group_association,role,varchar,NO,
user_master_project_group_association,create_dt,datetime,NO,
user_master_project_group_association,update_dt,datetime,NO,
user_program,id,int,NO,PRI
user_program,user_id,int,YES,MUL
user_program,program_id,int,YES,MUL
user_program,order_index,int,NO,
user_program,open_dt,datetime,YES,
user_program,close_dt,datetime,YES,
user_role,id,int,NO,PRI
user_role,user_id,int,YES,MUL
user_role,role,varchar,NO,
user_role,created_at,datetime,NO,
user_role,updated_at,datetime,NO,
user_setting,id,int,NO,PRI
user_setting,user_id,int,YES,MUL
user_setting,settings,json,YES,
user_setting,created_at,datetime,NO,
user_setting,updated_at,datetime,NO,
user_skill,id,int,NO,PRI
user_skill,user_id,int,YES,MUL
user_skill,skill,json,NO,
user_skill,create_dt,datetime,NO,
user_skill,update_dt,datetime,NO,
user_survey,id,int,NO,PRI
user_survey,user_id,int,YES,
user_survey,lecture_id,int,YES,
user_survey,survey_data,json,YES,
user_survey,create_dt,datetime,YES,
user_tutorial_status,id,bigint,NO,PRI
user_tutorial_status,user_id,int,NO,UNI
user_tutorial_status,tutorial_attempts,int,NO,
user_tutorial_status,tutorial_used,int,NO,
user_tutorial_status,create_dt,datetime,YES,
user_tutorial_status,update_dt,datetime,YES,
